transactionid,saledate,customerid,productid,storeid,campaignid,saleamount,rewardpointsearned,channelused
1,5/4/2025,1034,2059,402,0.0,2048.2,120,App
2,5/4/2025,1066,2048,403,1.0,321.87,200,Phone
3,5/4/2025,1116,2041,403,3.0,3216.84,80,Web Portal
4,5/4/2025,1071,2096,404,2.0,1613.23,60,SMS
5,5/4/2025,1020,2060,401,0.0,408.38,40,Email
6,5/4/2025,1089,2028,401,0.0,1275.88,20,App
7,5/4/2025,1193,2003,402,1.0,346.66,10,Phone
8,5/4/2025,1005,2079,402,1.0,855.49,150,Web Portal
9,5/4/2025,1032,2060,401,1.0,735.08,180,Phone
10,5/4/2025,1119,2089,403,2.0,661.63,400,Web Portal
11,5/4/2025,1042,2077,401,,505.65,0,Web Portal
12,5/4/2025,1079,2013,401,2.0,0,120,SMS
13,5/4/2025,1147,2086,404,3.0,4470.5,500,Email
14,5/4/2025,1183,2025,401,1.0,503.32,150,Phone
15,5/4/2025,1026,2089,403,0.0,413.52,180,Web Portal
16,5/4/2025,1144,2005,403,3.0,1715.12,800,Phone
17,5/4/2025,1169,2047,401,2.0,535.97,700,Web Portal
18,5/4/2025,1003,2053,404,0.0,3660.9,600,SMS
19,5/4/2025,1110,2046,404,1.0,30.09,120,Email
20,5/4/2025,1111,2022,403,3.0,671.18,200,App
21,5/4/2025,1119,2055,403,2.0,?,80,Phone
22,5/4/2025,1062,2011,403,3.0,1229.22,60,Web Portal
23,5/4/2025,1062,2096,404,3.0,672.18,40,SMS
24,5/4/2025,1086,2003,404,2.0,924.43,20,Email
25,5/4/2025,1046,2062,402,2.0,1981.95,10,App
26,5/4/2025,1066,2043,403,2.0,698.76,150,Phone
27,5/4/2025,1142,2001,402,0.0,1237.05,180,Web Portal
28,5/4/2025,1061,2092,404,3.0,482.21,400,Phone
29,5/4/2025,1142,2097,402,3.0,4210.5,0,Web Portal
30,5/4/2025,1165,2091,404,3.0,4528.95,120,Web Portal
31,2023-13-01,1004,2011,403,1.0,737.53,500,SMS
32,5/4/2025,1103,2088,402,2.0,0,150,Email
33,5/4/2025,1169,2074,403,3.0,0,180,Phone
34,5/4/2025,1141,2067,403,3.0,872.85,800,Web Portal
35,5/4/2025,1190,2070,403,2.0,54.69,700,Phone
36,5/4/2025,1179,2058,403,2.0,1066.8,600,Web Portal
37,5/4/2025,1064,2029,401,1.0,12.16,120,SMS
38,5/4/2025,1080,2015,402,1.0,3037.36,200,Email
39,5/4/2025,1055,2094,404,2.0,1578.72,80,App
40,5/4/2025,1185,2075,403,0.0,0,60,Phone
41,5/4/2025,9999,2037,402,2.0,288.11,40,Web Portal
42,5/4/2025,1045,2038,401,1.0,1667.72,20,SMS
43,5/4/2025,1070,2005,401,2.0,686.05,10,Email
44,5/4/2025,1178,2016,404,0.0,0,150,App
45,5/4/2025,1003,2073,403,3.0,1498.29,180,Phone
46,5/4/2025,1122,2056,403,1.0,944.5,400,Web Portal
47,5/4/2025,1013,2032,404,0.0,2836.8,0,Phone
48,5/4/2025,1016,2051,404,0.0,117.32,120,Web Portal
49,5/4/2025,1147,2080,401,1.0,0,500,Web Portal
50,5/4/2025,1038,2072,403,0.0,840.6,150,SMS
51,5/4/2025,1063,2015,404,1.0,1214.95,180,Email
52,5/4/2025,1198,2066,404,3.0,516.06,800,Phone
53,5/4/2025,1113,2038,404,2.0,2223.62,700,Web Portal
54,5/4/2025,1145,2079,401,0.0,1901.08,600,Phone
55,5/4/2025,1195,2026,402,2.0,507.74,120,Web Portal
56,5/4/2025,1169,2010,402,1.0,140.11,200,SMS
57,5/4/2025,1044,2070,401,1.0,0,80,Email
58,5/4/2025,1000,2052,404,3.0,2193.78,60,App
59,5/4/2025,1074,2004,402,2.0,741.8,40,Phone
60,5/4/2025,1180,2036,404,0.0,217.98,20,Web Portal
61,5/4/2025,1175,2029,403,1.0,36.48,10,SMS
62,5/4/2025,1108,2014,402,1.0,221.67,150,Email
63,5/4/2025,1068,2018,401,0.0,2169.04,180,App
64,5/4/2025,1042,2039,403,3.0,2929.32,400,Phone
65,5/4/2025,1031,2059,403,3.0,0,0,Web Portal
66,5/4/2025,1069,2064,404,3.0,1470.2,120,Phone
67,5/4/2025,1020,2076,401,3.0,4836.42,500,Web Portal
68,5/4/2025,1188,2041,403,0.0,1608.42,150,Web Portal
69,5/4/2025,1023,2029,401,2.0,0,180,SMS
70,5/4/2025,1147,2005,402,3.0,0,800,Email
71,5/4/2025,1132,2083,404,2.0,614.53,700,Phone
72,5/4/2025,1046,2074,404,3.0,659.5,600,Web Portal
73,5/4/2025,1023,2060,403,3.0,1225.14,120,Phone
74,5/4/2025,1085,2041,401,1.0,1447.58,200,Web Portal
75,5/4/2025,1084,2052,404,2.0,2925.04,80,SMS
76,5/4/2025,1169,2051,401,3.0,117.32,60,Email
77,5/4/2025,1022,2040,403,2.0,55.26,40,App
78,5/4/2025,1029,2098,404,0.0,3631.44,20,Phone
79,5/4/2025,1168,2069,404,3.0,232.39,10,Web Portal
80,5/4/2025,1013,2024,403,3.0,372.81,150,SMS
81,5/4/2025,1160,2056,401,1.0,472.25,180,Email
82,5/4/2025,1068,2070,402,2.0,109.38,400,App
83,5/4/2025,1112,2089,404,0.0,2067.6,0,Phone
84,5/4/2025,1007,2080,402,1.0,1498.07,120,Web Portal
85,5/4/2025,1079,2070,401,3.0,34.18,500,Phone
86,5/4/2025,1023,2028,401,3.0,2551.76,150,Web Portal
87,5/4/2025,1030,2082,402,3.0,799.8,180,Web Portal
88,5/4/2025,1183,2037,403,3.0,2160.84,800,SMS
89,5/4/2025,1123,2060,402,3.0,2450.28,700,Email
90,5/4/2025,1141,2018,404,1.0,2440.17,600,Phone
91,5/4/2025,1153,2065,402,0.0,470.34,120,Web Portal
92,5/4/2025,1070,2098,404,2.0,0,200,Phone
93,5/4/2025,1129,2034,401,2.0,108.94,80,Web Portal
94,5/4/2025,1185,2038,404,1.0,1667.72,60,SMS
95,5/4/2025,1114,2068,404,2.0,656.19,40,Email
96,5/4/2025,1085,2070,404,3.0,0,20,App
97,5/4/2025,1082,2024,402,3.0,372.81,10,Phone
98,5/4/2025,1059,2099,404,0.0,1292.64,150,Web Portal
99,5/4/2025,1081,2095,404,3.0,490.79,180,SMS
100,5/4/2025,1098,2084,402,3.0,0,400,Email
101,5/4/2025,1009,2016,403,0.0,969.06,0,App
102,5/4/2025,1112,2012,404,0.0,1869.57,120,Phone
103,5/4/2025,1184,2018,404,1.0,488.03,500,Web Portal
104,5/4/2025,1019,2060,403,2.0,0,150,Phone
105,5/4/2025,1159,2088,404,0.0,0,180,Web Portal
106,5/4/2025,1084,2086,404,2.0,2861.12,800,Web Portal
107,5/4/2025,1160,2091,404,0.0,905.79,700,SMS
108,5/4/2025,1158,2008,402,2.0,159.82,600,Email
109,5/4/2025,1058,2095,401,3.0,2453.95,80,Phone
110,5/4/2025,1025,2097,401,3.0,842.1,60,Web Portal
111,5/4/2025,1042,2088,403,0.0,709.35,40,Phone
112,5/4/2025,1011,2041,401,2.0,0,20,Web Portal
113,5/4/2025,1091,2047,404,1.0,0,10,SMS
114,5/4/2025,1062,2067,404,1.0,0,150,Email
115,5/4/2025,1043,2022,401,3.0,2684.72,180,App
116,5/4/2025,1158,2087,402,3.0,477.96,400,Phone
117,5/4/2025,1149,2018,402,3.0,1626.78,0,Web Portal
118,5/4/2025,1163,2032,404,2.0,756.48,120,SMS
119,5/4/2025,1170,2001,404,2.0,659.76,500,Email
120,5/4/2025,1173,2069,402,0.0,464.78,150,App
121,5/4/2025,1113,2044,403,3.0,0,180,Phone
122,5/4/2025,1176,2032,404,2.0,756.48,800,Web Portal
123,5/4/2025,1050,2049,404,0.0,2819.52,80,Phone
124,5/4/2025,1060,2048,403,2.0,1144.42,60,Web Portal
125,5/4/2025,1179,2037,401,3.0,1440.56,40,Web Portal
126,5/4/2025,1070,2001,401,3.0,0,20,SMS
127,5/4/2025,1073,2099,402,2.0,0,10,Email
128,5/4/2025,1056,2081,402,2.0,0,150,Phone
129,5/4/2025,1173,2096,402,0.0,672.18,180,Web Portal
130,5/4/2025,1160,2082,401,2.0,426.56,400,Phone
131,5/4/2025,1112,2004,403,1.0,1669.05,0,Web Portal
132,5/4/2025,1023,2037,403,3.0,2160.84,120,SMS
133,5/4/2025,1044,2025,402,2.0,223.7,500,Email
134,5/4/2025,1135,2064,403,1.0,793.91,150,App
135,5/4/2025,1065,2061,403,2.0,639.74,180,Phone
136,5/4/2025,1029,2059,401,1.0,921.69,800,Web Portal
137,5/4/2025,1193,2028,404,2.0,1531.06,40,SMS
138,5/4/2025,1023,2050,401,2.0,298.85,20,Email
139,5/4/2025,1137,2015,404,2.0,539.98,10,App
140,5/4/2025,1172,2095,403,3.0,2453.95,150,Phone
141,5/4/2025,1163,2047,401,1.0,301.48,180,Web Portal
142,5/4/2025,1120,2003,403,1.0,1039.99,400,Phone
143,5/4/2025,1165,2008,404,2.0,53.27,0,Web Portal
144,5/4/2025,1166,2052,401,1.0,658.13,120,Web Portal
145,5/4/2025,1011,2004,403,3.0,3709,500,SMS
146,5/4/2025,1029,2012,402,1.0,0,150,Email
147,5/4/2025,1099,2058,403,3.0,666.75,180,Phone
148,5/4/2025,1150,2095,402,3.0,490.79,800,Web Portal
149,5/4/2025,1167,2012,404,3.0,0,80,Phone
150,5/4/2025,1071,2004,403,1.0,834.52,60,Web Portal
151,5/4/2025,1113,2056,402,2.0,839.55,40,SMS
152,5/4/2025,1025,2087,403,2.0,0,40,Email
153,5/4/2025,1015,2050,403,1.0,504.31,20,App
154,5/4/2025,1031,2058,401,1.0,2400.3,10,Phone
155,5/4/2025,1164,2081,401,0.0,2984.88,150,Web Portal
156,5/4/2025,1085,2031,402,1.0,508.77,180,SMS
157,5/4/2025,1017,2097,402,1.0,757.89,400,Email
158,5/4/2025,1059,2042,402,0.0,0,0,App
159,5/4/2025,1070,2018,402,2.0,0,120,Phone
160,5/4/2025,1044,2014,401,1.0,886.68,500,Web Portal
161,5/4/2025,1003,2045,402,2.0,499.42,150,Phone
162,5/4/2025,1004,2022,403,0.0,671.18,180,Web Portal
163,5/4/2025,1032,2094,404,0.0,493.35,800,Web Portal
164,5/4/2025,1190,2008,404,3.0,266.36,80,SMS
165,5/4/2025,1199,2046,401,3.0,167.15,60,Email
166,5/4/2025,1128,2028,401,2.0,2041.41,40,Phone
167,5/4/2025,1117,2082,401,0.0,799.8,150,Web Portal
168,5/4/2025,1122,2051,404,0.0,234.64,180,Phone
169,5/4/2025,1125,2091,404,0.0,1811.58,400,Web Portal
170,5/4/2025,1020,2041,402,0.0,0,0,SMS
171,5/4/2025,1032,2035,403,3.0,4499.95,120,Email
172,5/4/2025,1152,2067,403,3.0,872.85,500,App
173,5/4/2025,1129,2077,404,0.0,2809.15,150,Phone
174,5/4/2025,1179,2014,402,3.0,738.9,180,Web Portal
175,5/4/2025,1115,2029,404,2.0,0,800,SMS
176,5/4/2025,1116,2051,404,0.0,351.96,80,Email
177,5/4/2025,1080,2054,403,2.0,3602.04,60,App
178,5/4/2025,1095,2019,404,0.0,933.93,40,Phone
179,5/4/2025,1023,2010,401,3.0,0,40,Web Portal
180,5/4/2025,1024,2095,403,1.0,3533.69,20,Phone
181,5/4/2025,1142,2007,403,0.0,583.39,10,Web Portal
182,5/4/2025,1105,2045,404,0.0,624.28,150,Web Portal
183,5/4/2025,1073,2076,403,2.0,1934.57,180,SMS
184,5/4/2025,1026,2073,402,1.0,1797.95,400,Email
185,5/4/2025,1168,2061,402,0.0,599.76,0,Phone
186,5/4/2025,1089,2071,403,0.0,0,150,Web Portal
187,5/4/2025,1195,2035,402,3.0,0,180,Phone
188,5/4/2025,1143,2098,401,2.0,2178.86,400,Web Portal
189,5/4/2025,1007,2023,403,2.0,751.63,0,SMS
190,5/4/2025,1086,2044,401,1.0,373.64,120,Email
191,5/4/2025,1036,2072,404,0.0,1260.9,500,App
192,5/4/2025,1036,2094,401,0.0,2466.75,150,Phone
193,5/4/2025,1191,2067,402,3.0,872.85,180,Web Portal
194,5/4/2025,1107,2058,403,1.0,1800.22,800,SMS
195,5/4/2025,1094,2039,403,0.0,1952.88,80,Email
196,5/4/2025,1013,2019,402,0.0,0,60,App
197,5/4/2025,1172,2010,403,3.0,0,40,Phone
198,5/4/2025,1169,2054,404,3.0,900.51,40,Web Portal
199,5/4/2025,1106,2034,402,0.0,136.17,20,Phone
200,5/4/2025,1088,2055,401,2.0,129.46,10,Web Portal
201,5/4/2025,1173,2086,404,2.0,715.28,150,Web Portal
202,5/4/2025,1011,2028,404,0.0,0,180,SMS
203,5/4/2025,1001,2026,403,1.0,190.4,400,Email
204,5/4/2025,1196,2017,403,2.0,370.96,0,Phone
205,5/4/2025,1083,2015,401,3.0,0,80,Web Portal
206,5/4/2025,1191,2055,402,1.0,48.55,60,Phone
207,5/4/2025,1097,2068,402,2.0,1312.38,40,Web Portal
208,5/4/2025,1018,2050,401,3.0,0,40,SMS
209,5/4/2025,1004,2058,401,2.0,1066.8,20,Email
210,5/4/2025,1147,2054,404,3.0,2701.53,10,App
211,5/4/2025,1074,2014,404,0.0,738.9,150,Phone
212,5/4/2025,1083,2021,404,2.0,668.33,180,Web Portal
213,5/4/2025,1022,2055,401,1.0,97.09,400,SMS
214,5/4/2025,1111,2075,404,0.0,1561.28,0,Email
215,5/4/2025,1101,2039,403,1.0,2636.39,40,App
216,5/4/2025,1085,2099,402,0.0,646.32,20,Phone
217,5/4/2025,1130,2081,401,1.0,1343.2,10,Web Portal
218,5/4/2025,1198,2044,403,1.0,186.82,150,Phone
219,5/4/2025,1060,2013,402,2.0,0,180,Web Portal
220,5/4/2025,1050,2022,402,0.0,671.18,400,Web Portal
221,5/4/2025,1045,2098,404,3.0,907.86,0,SMS
222,5/4/2025,1193,2072,404,2.0,1681.2,120,Email
223,5/4/2025,1160,2040,402,3.0,138.16,500,Phone
224,5/4/2025,1017,2060,404,2.0,0,150,Web Portal
225,5/4/2025,1070,2075,401,2.0,624.51,180,Phone
226,5/4/2025,1129,2009,403,3.0,198.93,800,Web Portal
227,5/4/2025,1115,2004,401,2.0,2225.4,80,SMS
228,5/4/2025,1073,2009,401,3.0,66.31,120,Email
229,5/4/2025,1118,2074,401,3.0,659.5,200,App
230,5/4/2025,1146,2083,402,2.0,614.53,80,Phone
231,5/4/2025,1154,2060,402,0.0,408.38,60,Web Portal
232,5/4/2025,1115,2013,403,0.0,2806.08,40,SMS
233,5/4/2025,1129,2082,402,0.0,1066.4,20,Email
234,5/4/2025,1063,2090,404,3.0,71.64,10,App
235,5/4/2025,1134,2066,402,2.0,1238.54,150,Phone
236,5/4/2025,1095,2036,404,3.0,653.94,180,Web Portal
237,5/4/2025,1198,2043,401,2.0,1397.52,400,Phone
238,5/4/2025,1016,2042,401,3.0,0,0,Web Portal
239,5/4/2025,1072,2032,402,2.0,1512.96,120,Web Portal
240,5/4/2025,1020,2074,402,2.0,527.6,500,SMS
241,5/4/2025,1079,2083,404,1.0,691.34,150,Email
242,5/4/2025,1152,2090,401,2.0,57.31,180,Phone
243,5/4/2025,1143,2048,403,1.0,0,800,Web Portal
244,5/4/2025,1171,2089,401,3.0,1654.08,700,Phone
245,5/4/2025,1130,2046,401,2.0,106.98,600,Web Portal
246,5/4/2025,1079,2023,402,2.0,3006.53,40,SMS
247,5/4/2025,1196,2062,402,1.0,1114.85,20,Email
248,5/4/2025,1035,2019,401,2.0,0,10,App
249,5/4/2025,1025,2064,401,2.0,705.7,150,Phone
250,5/4/2025,1196,2079,402,3.0,2851.62,180,Web Portal
251,5/4/2025,1039,2020,402,1.0,338.25,400,SMS
252,5/4/2025,1184,2056,401,3.0,1574.16,0,Email
253,5/4/2025,1093,2086,402,3.0,3576.4,120,App
254,5/4/2025,1156,2036,404,1.0,392.36,500,Phone
255,5/4/2025,1136,2030,403,3.0,509.91,150,Web Portal
256,5/4/2025,1049,2047,404,3.0,1674.9,180,Phone
257,5/4/2025,1196,2036,404,3.0,0,800,Web Portal
258,5/4/2025,1041,2025,402,2.0,671.09,700,Web Portal
259,5/4/2025,1013,2082,404,2.0,1066.4,600,SMS
260,5/4/2025,1141,2013,401,2.0,748.29,120,Email
261,5/4/2025,1021,2097,402,2.0,673.68,200,Phone
262,5/4/2025,1115,2065,402,3.0,1881.36,80,Web Portal
263,5/4/2025,1023,2028,404,2.0,510.35,60,Phone
264,5/4/2025,1006,2053,401,3.0,610.15,40,Web Portal
265,5/4/2025,1128,2047,402,3.0,1004.94,20,SMS
266,5/4/2025,1020,2047,402,0.0,669.96,10,Email
267,5/4/2025,1081,2012,403,1.0,1682.61,150,App
268,5/4/2025,1035,2004,403,3.0,927.25,180,Phone
269,5/4/2025,1178,2017,404,3.0,1854.8,400,Web Portal
270,5/4/2025,1157,2000,401,0.0,1938.62,0,SMS
271,5/4/2025,1065,2027,402,3.0,775.83,120,Email
272,5/4/2025,1028,2099,403,1.0,3490.13,500,App
273,5/4/2025,1077,2015,401,1.0,1822.42,150,Phone
274,5/4/2025,1107,2081,404,0.0,2238.66,180,Web Portal
275,5/4/2025,1028,2063,401,1.0,994.43,800,Phone
276,5/4/2025,1183,2018,403,3.0,2711.3,700,Web Portal
277,5/4/2025,1000,2078,403,1.0,0,600,Web Portal
278,5/4/2025,1146,2053,402,0.0,1220.3,120,SMS
279,5/4/2025,1134,2046,401,0.0,33.43,200,Email
280,5/4/2025,1099,2060,401,3.0,1633.52,80,Phone
281,5/4/2025,1095,2032,401,2.0,1512.96,60,Web Portal
282,5/4/2025,1017,2044,402,0.0,207.58,40,Phone
283,5/4/2025,1197,2074,403,1.0,593.55,20,Web Portal
284,5/4/2025,1011,2045,403,1.0,842.78,10,SMS
285,5/4/2025,1199,2087,404,3.0,159.32,150,Email
286,5/4/2025,1161,2023,402,0.0,939.54,180,App
287,5/4/2025,1183,2099,404,0.0,1292.64,400,Phone
288,5/4/2025,1075,2025,401,1.0,0,0,Web Portal
289,5/4/2025,1010,2040,403,3.0,138.16,120,SMS
290,5/4/2025,1139,2060,403,0.0,1225.14,500,Email
291,5/4/2025,1192,2082,402,2.0,213.28,150,App
292,5/4/2025,1091,2099,401,2.0,1034.11,180,Phone
293,5/4/2025,1069,2015,403,3.0,2699.88,800,Web Portal
294,5/4/2025,1102,2095,404,3.0,1472.37,700,Phone
295,5/4/2025,1086,2023,404,3.0,3758.16,600,Web Portal
296,5/4/2025,1094,2066,403,0.0,1032.12,120,Web Portal
297,5/4/2025,1186,2054,401,3.0,0,200,SMS
298,5/4/2025,1154,2023,403,2.0,751.63,80,Email
299,5/4/2025,1026,2010,403,2.0,62.27,60,Phone
300,5/4/2025,1078,2057,404,1.0,393.28,40,Web Portal
301,5/4/2025,1176,2056,403,3.0,524.72,20,Phone
302,5/4/2025,1010,2093,403,3.0,0,10,Web Portal
303,5/4/2025,1070,2081,401,0.0,1492.44,150,SMS
304,5/4/2025,1171,2081,404,2.0,596.98,180,Email
305,5/4/2025,1131,2095,402,0.0,1472.37,400,App
306,5/4/2025,1036,2077,404,0.0,1123.66,0,Phone
307,5/4/2025,1032,2008,402,2.0,106.54,120,Web Portal
308,5/4/2025,1092,2049,401,1.0,0,500,SMS
309,5/4/2025,1173,2057,403,2.0,349.58,150,Email
310,5/4/2025,1113,2097,401,1.0,757.89,180,App
311,5/4/2025,1135,2046,404,2.0,80.23,800,Phone
312,5/4/2025,1166,2035,402,0.0,899.99,700,Web Portal
313,5/4/2025,1006,2094,402,3.0,1480.05,600,Phone
314,5/4/2025,1132,2049,401,2.0,1503.74,120,Web Portal
315,5/4/2025,1198,2033,404,1.0,2257.88,200,Web Portal
316,5/4/2025,1156,2036,404,1.0,784.73,80,SMS
317,5/4/2025,1031,2017,401,3.0,0,60,Email
318,5/4/2025,1044,2091,404,0.0,1811.58,40,Phone
319,5/4/2025,1174,2040,403,0.0,34.54,20,Web Portal
320,5/4/2025,1140,2069,403,2.0,557.74,10,Phone
321,5/4/2025,1040,2091,402,2.0,724.63,150,Web Portal
322,5/4/2025,1130,2028,401,1.0,574.15,180,SMS
323,5/4/2025,1035,2030,404,0.0,339.94,400,Email
324,5/4/2025,1092,2070,403,3.0,102.54,0,App
325,5/4/2025,1141,2016,401,0.0,0,120,Phone
326,5/4/2025,1079,2050,404,3.0,186.78,500,Web Portal
327,5/4/2025,1196,2052,401,1.0,2632.54,150,SMS
328,5/4/2025,1081,2082,401,3.0,1066.4,180,Email
329,5/4/2025,1119,2087,403,1.0,0,800,App
330,5/4/2025,1199,2070,402,1.0,30.76,700,Phone
331,5/4/2025,1110,2064,401,0.0,0,600,Web Portal
332,5/4/2025,1132,2019,403,1.0,1681.07,80,Phone
333,5/4/2025,1041,2041,402,2.0,643.37,60,Web Portal
334,5/4/2025,1132,2036,401,2.0,348.77,40,Web Portal
335,5/4/2025,1050,2081,403,1.0,2686.39,20,SMS
336,5/4/2025,1160,2038,401,1.0,0,10,Email
337,5/4/2025,1151,2074,402,1.0,1187.1,150,Phone
338,5/4/2025,1168,2079,403,0.0,1901.08,180,Web Portal
339,5/4/2025,1007,2010,401,2.0,62.27,400,Phone
340,5/4/2025,1166,2026,404,0.0,0,0,Web Portal
341,5/4/2025,1127,2080,403,2.0,1997.42,120,SMS
342,5/4/2025,1123,2031,404,2.0,1356.72,500,Email
343,5/4/2025,1116,2009,401,1.0,119.36,150,App
344,5/4/2025,1112,2053,404,3.0,0,180,Phone
345,5/4/2025,1052,2043,402,2.0,698.76,800,Web Portal
346,5/4/2025,1183,2040,403,3.0,103.62,80,SMS
347,5/4/2025,1033,2097,403,0.0,4210.5,60,Email
348,5/4/2025,1081,2030,404,0.0,339.94,40,App
349,5/4/2025,1068,2057,402,1.0,1179.85,20,Phone
350,5/4/2025,1024,2006,403,3.0,594,10,Web Portal
351,5/4/2025,1157,2053,402,1.0,1098.27,150,Phone
352,5/4/2025,1083,2073,403,1.0,2247.44,180,Web Portal
353,5/4/2025,1195,2020,404,3.0,1879.15,400,Web Portal
354,5/4/2025,1127,2039,404,0.0,1952.88,0,SMS
355,5/4/2025,1023,2050,404,1.0,0,120,Email
356,5/4/2025,1055,2074,403,0.0,1978.5,500,Phone
357,5/4/2025,1012,2036,404,3.0,653.94,150,Web Portal
358,5/4/2025,1073,2068,401,0.0,2460.72,180,Phone
359,5/4/2025,1110,2017,403,2.0,370.96,800,Web Portal
360,5/4/2025,1195,2051,403,0.0,117.32,40,SMS
361,5/4/2025,1102,2006,402,2.0,792,20,Email
362,5/4/2025,1141,2036,401,3.0,871.92,10,App
363,5/4/2025,1129,2057,403,0.0,1747.92,150,Phone
364,5/4/2025,1032,2012,404,2.0,997.1,180,Web Portal
365,5/4/2025,1086,2071,403,1.0,553.64,400,SMS
366,5/4/2025,1050,2077,404,0.0,561.83,0,Email
367,5/4/2025,1011,2004,402,2.0,0,120,App
368,5/4/2025,1121,2066,404,1.0,0,500,Phone
369,5/4/2025,1155,2065,402,2.0,1128.82,150,Web Portal
370,5/4/2025,1156,2040,402,3.0,138.16,180,Phone
371,5/4/2025,1157,2094,403,2.0,1578.72,800,Web Portal
372,5/4/2025,1129,2065,404,2.0,752.54,80,Web Portal
373,5/4/2025,1121,2002,403,2.0,2771.2,60,SMS
374,5/4/2025,1172,2014,404,2.0,197.04,40,Email
375,5/4/2025,1185,2088,401,3.0,2128.05,40,Phone
376,5/4/2025,1067,2083,402,0.0,0,20,Web Portal
377,5/4/2025,1149,2061,402,3.0,1199.52,10,Phone
378,5/4/2025,1037,2087,402,0.0,318.64,150,Web Portal
379,5/4/2025,1146,2089,401,1.0,744.34,180,SMS
380,5/4/2025,1004,2056,403,3.0,2098.88,400,Email
381,5/4/2025,1038,2052,402,3.0,2193.78,0,App
382,5/4/2025,1128,2099,404,0.0,3877.92,120,Phone
383,5/4/2025,1180,2017,402,2.0,741.92,500,Web Portal
384,5/4/2025,1169,2061,404,2.0,319.87,150,SMS
385,5/4/2025,1044,2058,403,2.0,1066.8,180,Email
386,5/4/2025,1173,2098,403,3.0,3631.44,800,App
387,5/4/2025,1049,2031,403,2.0,1356.72,80,Phone
388,5/4/2025,1057,2038,403,1.0,2501.58,60,Web Portal
389,5/4/2025,1176,2090,404,2.0,343.87,40,Phone
390,5/4/2025,1122,2044,403,2.0,166.06,150,Web Portal
391,5/4/2025,1031,2073,404,3.0,1498.29,180,Web Portal
392,5/4/2025,1088,2098,402,2.0,726.29,400,SMS
393,5/4/2025,1010,2036,401,2.0,348.77,0,Email
394,5/4/2025,1113,2083,403,3.0,3072.64,120,Phone
395,5/4/2025,1054,2025,403,2.0,671.09,500,Web Portal
396,5/4/2025,1035,2013,402,1.0,1683.65,150,Phone
397,5/4/2025,1012,2085,402,1.0,217.94,180,Web Portal
398,5/4/2025,1013,2012,404,2.0,1994.21,800,SMS
399,5/4/2025,1183,2060,401,1.0,367.54,80,Email
400,5/4/2025,1001,2070,402,3.0,102.54,60,App
401,5/4/2025,1167,2060,404,1.0,735.08,40,Phone
402,5/4/2025,1193,2036,403,2.0,348.77,40,Web Portal
403,5/4/2025,1165,2007,401,1.0,0,20,SMS
404,5/4/2025,1136,2094,401,1.0,1776.06,10,Email
405,5/4/2025,1106,2022,401,3.0,671.18,150,App
406,5/4/2025,1126,2023,403,0.0,0,180,Phone
407,5/4/2025,1002,2038,401,2.0,1482.42,400,Web Portal
408,5/4/2025,1072,2058,404,1.0,1200.15,0,Phone
409,5/4/2025,1129,2059,403,1.0,1382.54,150,Web Portal
410,5/4/2025,1028,2042,402,3.0,502.83,180,Web Portal
411,5/4/2025,1165,2032,402,0.0,0,400,SMS
412,5/4/2025,1188,2043,403,1.0,1572.21,0,Email
413,5/4/2025,1044,2078,404,3.0,426.03,120,Phone
414,5/4/2025,1131,2041,401,3.0,3216.84,500,Web Portal
415,5/4/2025,1171,2012,402,1.0,1121.74,150,Phone
416,5/4/2025,1122,2041,402,0.0,1608.42,180,Web Portal
417,5/4/2025,1066,2049,402,3.0,0,800,SMS
418,5/4/2025,1192,2034,403,2.0,326.81,80,Email
419,5/4/2025,1149,2092,401,2.0,1157.3,60,App
420,5/4/2025,1167,2046,402,0.0,133.72,40,Phone
421,5/4/2025,1170,2015,404,2.0,0,40,Web Portal
422,5/4/2025,1040,2051,403,0.0,469.28,20,SMS
423,5/4/2025,1163,2037,403,1.0,0,10,Email
424,5/4/2025,1056,2017,404,1.0,834.66,150,App
425,5/4/2025,1116,2095,403,3.0,490.79,180,Phone
426,5/4/2025,1179,2070,404,1.0,61.52,400,Web Portal
427,5/4/2025,1195,2031,401,3.0,1695.9,0,Phone
428,5/4/2025,1135,2090,403,0.0,0,80,Web Portal
429,5/4/2025,1144,2014,401,1.0,443.34,60,Web Portal
430,5/4/2025,1146,2068,402,1.0,2952.86,40,SMS
431,5/4/2025,1083,2066,404,0.0,516.06,40,Email
432,5/4/2025,1174,2026,404,0.0,423.12,20,Phone
433,5/4/2025,1130,2057,401,3.0,1747.92,10,Web Portal
434,5/4/2025,1033,2065,404,3.0,0,150,Phone
435,5/4/2025,1144,2007,404,2.0,933.42,180,Web Portal
436,5/4/2025,1185,2002,404,2.0,692.8,400,SMS
437,5/4/2025,1000,2095,402,0.0,0,0,Email
438,5/4/2025,1011,2054,403,0.0,900.51,40,App
439,5/4/2025,1138,2007,401,3.0,2333.56,20,Phone
440,5/4/2025,1008,2036,404,1.0,196.18,10,Web Portal
441,5/4/2025,1196,2017,404,2.0,741.92,150,SMS
442,5/4/2025,1097,2057,404,3.0,436.98,180,Email
443,5/4/2025,1020,2087,402,2.0,637.28,400,App
444,5/4/2025,1030,2022,404,1.0,604.06,0,Phone
445,5/4/2025,1186,2028,401,0.0,2551.76,120,Web Portal
446,5/4/2025,1076,2059,404,3.0,1536.15,500,Phone
447,5/4/2025,1058,2031,404,2.0,0,150,Web Portal
448,5/4/2025,1039,2035,402,0.0,899.99,180,Web Portal
449,5/4/2025,1008,2084,404,0.0,845.55,800,SMS
450,5/4/2025,1061,2026,401,0.0,423.12,80,Email
451,5/4/2025,1152,2004,404,0.0,2781.75,120,Phone
452,5/4/2025,1062,2094,401,3.0,1973.4,200,Web Portal
453,5/4/2025,1112,2029,402,0.0,13.51,80,Phone
454,5/4/2025,1035,2064,403,1.0,0,60,Web Portal
455,5/4/2025,1187,2073,403,2.0,399.54,40,SMS
456,5/4/2025,1060,2038,402,1.0,3335.44,20,Email
457,5/4/2025,1105,2038,403,0.0,1853.02,10,App
458,5/4/2025,1142,2075,402,3.0,3903.2,150,Phone
459,5/4/2025,1142,2063,401,2.0,1325.9,180,Web Portal
460,5/4/2025,1164,2085,404,2.0,387.44,400,SMS
461,5/4/2025,1178,2053,404,1.0,1647.4,0,Email
462,5/4/2025,1076,2048,402,3.0,1072.89,120,App
463,5/4/2025,1061,2028,403,1.0,1148.29,500,Phone
464,5/4/2025,1118,2007,404,3.0,1750.17,150,Web Portal
465,5/4/2025,1142,2067,402,3.0,1163.8,180,Phone
466,5/4/2025,1062,2032,402,2.0,756.48,800,Web Portal
467,5/4/2025,1165,2010,404,2.0,124.54,700,Web Portal
468,5/4/2025,1023,2068,402,0.0,2460.72,600,SMS
469,5/4/2025,1068,2048,401,0.0,715.26,120,Email
470,5/4/2025,1048,2097,402,3.0,0,200,Phone
471,5/4/2025,1053,2042,403,0.0,167.61,80,Web Portal
472,5/4/2025,1054,2024,401,3.0,372.81,60,Phone
473,5/4/2025,1062,2089,402,3.0,1240.56,40,Web Portal
474,5/4/2025,1061,2070,403,2.0,27.34,20,SMS
475,5/4/2025,1097,2059,403,2.0,0,10,Email
476,5/4/2025,1066,2046,404,3.0,200.58,150,App
477,5/4/2025,1025,2092,404,2.0,771.54,180,Phone
478,5/4/2025,1052,2047,403,3.0,334.98,400,Web Portal
479,5/4/2025,1011,2072,402,1.0,756.54,0,SMS
480,5/4/2025,1004,2033,404,2.0,0,120,Email
481,5/4/2025,1039,2025,403,1.0,503.32,500,App
482,5/4/2025,1097,2072,402,3.0,420.3,150,Phone
483,5/4/2025,1140,2083,403,2.0,1843.58,180,Web Portal
484,5/4/2025,1195,2062,404,3.0,3096.8,800,Phone
485,5/4/2025,1043,2093,403,1.0,1360.69,700,Web Portal
486,5/4/2025,1035,2092,404,1.0,0,600,Web Portal
487,5/4/2025,1138,2082,401,0.0,533.2,120,SMS
488,5/4/2025,1019,2085,401,0.0,484.3,200,Email
489,5/4/2025,1105,2017,402,0.0,1391.1,80,Phone
490,5/4/2025,1181,2019,401,1.0,4202.68,60,Web Portal
491,5/4/2025,1129,2058,403,0.0,1333.5,40,Phone
492,5/4/2025,1158,2081,404,3.0,2984.88,20,Web Portal
493,5/4/2025,1004,2000,404,0.0,2907.93,10,SMS
494,5/4/2025,1004,2067,403,2.0,465.52,150,Email
495,5/4/2025,1004,2064,404,1.0,1323.18,180,App
496,5/4/2025,1027,2012,402,1.0,1121.74,400,Phone
497,5/4/2025,1049,2079,403,2.0,3802.16,0,Web Portal
498,5/4/2025,1068,2050,401,2.0,0,120,SMS
499,5/4/2025,1103,2058,402,1.0,600.08,500,Email
500,5/4/2025,1076,2087,401,0.0,159.32,150,App
501,5/4/2025,1023,2051,404,3.0,351.96,180,Phone
502,5/4/2025,1141,2060,401,0.0,408.38,800,Web Portal
503,5/4/2025,1179,2021,401,3.0,835.41,700,Phone
504,5/4/2025,1111,2082,403,0.0,0,600,Web Portal
505,5/4/2025,1135,2005,402,1.0,1157.71,120,Web Portal
506,5/4/2025,1177,2072,404,2.0,1008.72,200,SMS
507,5/4/2025,1011,2009,403,0.0,0,80,Email
508,5/4/2025,1045,2040,401,1.0,31.09,60,Phone
509,5/4/2025,1150,2018,404,0.0,1084.52,40,Web Portal
510,5/4/2025,1076,2020,402,3.0,2254.98,20,Phone
511,5/4/2025,1173,2069,403,3.0,232.39,10,Web Portal
512,5/4/2025,1193,2094,402,0.0,1480.05,150,SMS
513,5/4/2025,1128,2095,403,0.0,0,180,Email
514,5/4/2025,1025,2055,402,0.0,107.88,400,App
515,5/4/2025,1087,2077,404,2.0,449.46,0,Phone
516,5/4/2025,1007,2081,403,3.0,746.22,120,Web Portal
517,5/4/2025,1125,2029,403,3.0,40.53,500,SMS
518,5/4/2025,1110,2023,404,0.0,1879.08,150,Email
519,5/4/2025,1197,2079,403,1.0,855.49,180,App
520,5/4/2025,1182,2009,401,2.0,53.05,800,Phone
521,5/4/2025,1039,2048,402,3.0,357.63,700,Web Portal
522,5/4/2025,1081,2046,401,0.0,33.43,600,Phone
523,5/4/2025,1001,2039,404,2.0,2343.46,120,Web Portal
524,5/4/2025,1194,2034,401,1.0,245.11,200,Web Portal
525,5/4/2025,1022,2023,404,3.0,5637.24,80,SMS
526,5/4/2025,1142,2071,404,0.0,615.16,60,Email
527,5/4/2025,1006,2011,403,0.0,1229.22,40,Phone
528,5/4/2025,1152,2076,403,3.0,2418.21,20,Web Portal
529,5/4/2025,1003,2037,404,3.0,1440.56,10,Phone
530,5/4/2025,1199,2010,402,1.0,210.17,150,Web Portal
531,5/4/2025,1175,2048,402,1.0,965.6,180,SMS
532,5/4/2025,1068,2038,403,3.0,0,400,Email
533,5/4/2025,1037,2008,402,3.0,266.36,0,App
534,5/4/2025,1070,2053,403,3.0,1830.45,120,Phone
535,5/4/2025,1005,2009,403,2.0,53.05,500,Web Portal
536,5/4/2025,1063,2092,404,1.0,867.98,150,SMS
537,5/4/2025,1117,2013,402,2.0,2244.86,180,Email
538,5/4/2025,1001,2050,403,3.0,0,800,App
539,5/4/2025,1084,2056,403,3.0,1574.16,700,Phone
540,5/4/2025,1166,2076,402,2.0,0,600,Web Portal
541,5/4/2025,1082,2077,402,3.0,0,120,Phone
542,5/4/2025,1080,2022,404,2.0,1073.89,200,Web Portal
543,5/4/2025,1074,2094,404,1.0,444.02,80,Web Portal
544,5/4/2025,1083,2048,403,3.0,0,60,SMS
545,5/4/2025,1093,2014,402,1.0,221.67,40,Email
546,5/4/2025,1174,2098,401,3.0,2723.58,20,Phone
547,5/4/2025,1181,2026,404,2.0,507.74,10,Web Portal
548,5/4/2025,1177,2008,404,3.0,332.95,150,Phone
549,5/4/2025,1035,2081,403,1.0,1343.2,180,Web Portal
550,5/4/2025,1064,2084,402,3.0,845.55,400,SMS
551,5/4/2025,1096,2009,404,3.0,198.93,0,Email
552,5/4/2025,1149,2051,404,0.0,0,120,App
553,5/4/2025,1092,2089,401,0.0,827.04,500,Phone
554,5/4/2025,1196,2031,403,1.0,1526.31,150,Web Portal
555,5/4/2025,1165,2078,401,3.0,142.01,180,SMS
556,5/4/2025,1192,2042,404,0.0,1005.66,800,Email
557,5/4/2025,1002,2012,403,1.0,560.87,700,App
558,5/4/2025,1130,2095,402,3.0,1963.16,600,Phone
559,5/4/2025,1095,2050,404,1.0,168.1,120,Web Portal
560,5/4/2025,1088,2003,404,0.0,385.18,200,Phone
561,5/4/2025,1075,2053,401,0.0,1830.45,80,Web Portal
562,5/4/2025,1186,2018,403,2.0,1301.42,60,Web Portal
563,5/4/2025,1087,2058,402,3.0,2667,40,SMS
564,5/4/2025,1089,2060,401,3.0,408.38,20,Email
565,5/4/2025,1184,2089,404,2.0,1984.9,10,Phone
566,5/4/2025,1017,2038,401,0.0,0,150,Web Portal
567,5/4/2025,1005,2043,401,1.0,786.1,180,Phone
568,5/4/2025,1189,2031,402,1.0,2035.08,400,Web Portal
569,5/4/2025,1084,2071,404,3.0,0,0,SMS
570,5/4/2025,1059,2051,402,1.0,527.94,120,Email
571,5/4/2025,1163,2084,404,3.0,845.55,500,App
572,5/4/2025,1007,2094,402,3.0,493.35,150,Phone
573,5/4/2025,1151,2054,404,0.0,0,180,Web Portal
574,5/4/2025,1180,2027,402,2.0,0,800,SMS
575,5/4/2025,1192,2090,401,0.0,286.56,700,Email
576,5/4/2025,1137,2023,403,2.0,1503.26,600,App
577,5/4/2025,1050,2058,401,2.0,1066.8,80,Phone
578,5/4/2025,1171,2062,403,3.0,619.36,60,Web Portal
579,5/4/2025,1156,2050,401,2.0,0,40,Phone
580,5/4/2025,1090,2058,402,2.0,1066.8,20,Web Portal
581,5/4/2025,1157,2075,401,1.0,702.58,10,Web Portal
582,5/4/2025,1080,2015,402,2.0,1619.93,150,SMS
583,5/4/2025,1029,2023,403,1.0,0,180,Email
584,5/4/2025,1130,2049,404,1.0,845.86,400,Phone
585,5/4/2025,1147,2049,404,1.0,845.86,0,Web Portal
586,5/4/2025,1124,2081,402,1.0,2686.39,120,Phone
587,5/4/2025,1125,2036,402,1.0,588.55,500,Web Portal
588,5/4/2025,1080,2057,401,2.0,699.17,150,SMS
589,5/4/2025,1002,2062,402,1.0,1114.85,180,Email
590,5/4/2025,1098,2071,404,3.0,1845.48,800,App
591,5/4/2025,1175,2062,404,3.0,1858.08,80,Phone
592,5/4/2025,1125,2021,401,0.0,1670.82,60,Web Portal
593,5/4/2025,1194,2028,403,0.0,637.94,40,SMS
594,5/4/2025,1070,2028,403,1.0,0,20,Email
595,5/4/2025,1199,2058,404,0.0,2667,10,App
596,5/4/2025,1146,2014,403,2.0,0,150,Phone
597,5/4/2025,1138,2096,401,3.0,2688.72,180,Web Portal
598,5/4/2025,1139,2027,404,0.0,258.61,400,Phone
599,5/4/2025,1188,2083,402,2.0,1229.06,0,Web Portal
600,5/4/2025,1008,2057,403,2.0,699.17,120,Web Portal
601,5/4/2025,1022,2056,401,1.0,2361.24,500,SMS
602,5/4/2025,1053,2094,403,3.0,493.35,150,Email
603,5/4/2025,1042,2078,402,1.0,127.81,180,Phone
604,5/4/2025,1052,2007,403,2.0,2333.56,800,Web Portal
605,5/4/2025,1152,2068,402,2.0,656.19,40,Phone
606,5/4/2025,1180,2037,403,2.0,288.11,20,Web Portal
607,5/4/2025,1131,2086,401,1.0,2414.07,10,SMS
608,5/4/2025,1192,2052,401,2.0,0,150,Email
609,5/4/2025,1167,2016,402,1.0,290.72,180,App
610,5/4/2025,1037,2091,403,1.0,0,400,Phone
611,5/4/2025,1194,2086,404,3.0,0,0,Web Portal
612,5/4/2025,1036,2073,403,3.0,1997.72,120,SMS
613,5/4/2025,1096,2057,401,0.0,1310.94,500,Email
614,5/4/2025,1103,2065,403,2.0,376.27,150,App
615,5/4/2025,1116,2062,403,0.0,1238.72,180,Phone
616,5/4/2025,1198,2093,401,3.0,0,800,Web Portal
617,5/4/2025,1162,2085,403,0.0,0,80,Phone
618,5/4/2025,1136,2050,402,3.0,933.9,60,Web Portal
619,5/4/2025,1054,2063,403,2.0,441.97,40,Web Portal
620,5/4/2025,1072,2043,402,3.0,4367.25,40,SMS
621,5/4/2025,1087,2087,401,0.0,637.28,20,Email
622,5/4/2025,1025,2080,404,0.0,3329.04,10,Phone
623,5/4/2025,1031,2020,404,3.0,1127.49,150,Web Portal
624,5/4/2025,1000,2054,402,1.0,1620.92,180,Phone
625,5/4/2025,1166,2038,402,2.0,2223.62,400,Web Portal
626,5/4/2025,1023,2083,403,2.0,1229.06,0,SMS
627,5/4/2025,1021,2047,402,0.0,1674.9,120,Email
628,5/4/2025,1101,2080,403,1.0,3745.17,500,App
629,5/4/2025,1109,2083,401,0.0,768.16,150,Phone
630,5/4/2025,1000,2027,404,0.0,517.22,180,Web Portal
631,5/4/2025,1033,2075,402,3.0,780.64,800,SMS
632,5/4/2025,1002,2001,403,0.0,824.7,80,Email
633,5/4/2025,1108,2088,402,3.0,3546.75,60,App
634,5/4/2025,1018,2029,404,0.0,27.02,40,Phone
635,5/4/2025,1187,2013,401,2.0,2993.15,150,Web Portal
636,5/4/2025,1094,2038,402,3.0,926.51,180,Phone
637,5/4/2025,1198,2096,402,1.0,1814.89,400,Web Portal
638,5/4/2025,1017,2067,401,1.0,523.71,0,Web Portal
639,5/4/2025,1112,2044,402,1.0,560.47,120,SMS
640,5/4/2025,1105,2078,404,1.0,383.43,500,Email
641,5/4/2025,1022,2012,402,0.0,623.19,150,Phone
642,5/4/2025,1150,2093,404,2.0,1814.26,180,Web Portal
643,5/4/2025,1109,2040,402,1.0,31.09,800,Phone
644,5/4/2025,1070,2082,401,1.0,719.82,80,Web Portal
645,5/4/2025,1141,2076,403,0.0,3224.28,60,SMS
646,5/4/2025,1168,2038,402,1.0,1667.72,40,Email
647,5/4/2025,1191,2050,403,0.0,560.34,40,App
648,5/4/2025,1005,2030,404,3.0,679.88,20,Phone
649,5/4/2025,1028,2030,404,0.0,509.91,10,Web Portal
650,5/4/2025,1135,2001,403,2.0,989.64,150,SMS
651,5/4/2025,1033,2049,404,2.0,751.87,180,Email
652,5/4/2025,1139,2087,402,3.0,0,400,App
653,5/4/2025,1197,2009,401,0.0,265.24,0,Phone
654,5/4/2025,1003,2033,402,0.0,836.25,150,Web Portal
655,5/4/2025,1015,2050,403,3.0,560.34,180,Phone
656,5/4/2025,1108,2089,404,0.0,413.52,400,Web Portal
657,5/4/2025,1163,2068,402,2.0,3280.96,0,Web Portal
658,5/4/2025,1021,2039,401,1.0,878.8,120,SMS
659,5/4/2025,1039,2068,403,3.0,2460.72,500,Email
660,5/4/2025,1150,2081,401,2.0,1193.95,150,Phone
661,5/4/2025,1178,2055,402,0.0,53.94,180,Web Portal
662,5/4/2025,1062,2011,404,0.0,0,800,Phone
663,5/4/2025,1116,2078,401,2.0,0,80,Web Portal
664,5/4/2025,1170,2094,402,0.0,986.7,60,SMS
665,5/4/2025,1003,2090,402,0.0,143.28,40,Email
666,5/4/2025,1041,2063,403,2.0,1325.9,40,App
667,5/4/2025,1042,2047,402,2.0,803.95,20,Phone
668,5/4/2025,1187,2015,401,2.0,0,10,Web Portal
669,5/4/2025,1109,2034,401,2.0,326.81,150,SMS
670,5/4/2025,1182,2073,401,3.0,499.43,180,Email
671,5/4/2025,1116,2065,403,0.0,470.34,400,App
672,5/4/2025,1127,2072,402,2.0,1008.72,0,Phone
673,5/4/2025,1040,2032,401,0.0,0,80,Web Portal
674,5/4/2025,1058,2094,401,0.0,493.35,60,Phone
675,5/4/2025,1003,2031,401,3.0,1695.9,40,Web Portal
676,5/4/2025,1093,2049,402,1.0,1691.71,40,Web Portal
677,5/4/2025,1009,2070,404,1.0,30.76,20,SMS
678,5/4/2025,1082,2031,404,2.0,452.24,10,Email
679,5/4/2025,1069,2009,403,0.0,0,150,Phone
680,5/4/2025,1128,2086,401,1.0,804.69,180,Web Portal
681,5/4/2025,1057,2066,401,3.0,1548.18,400,Phone
682,5/4/2025,1017,2059,403,2.0,409.64,0,Web Portal
683,5/4/2025,1083,2011,404,0.0,1638.96,40,SMS
684,5/4/2025,1094,2025,403,2.0,223.7,20,Email
685,5/4/2025,1189,2079,402,3.0,3802.16,10,App
686,5/4/2025,1094,2075,404,1.0,702.58,150,Phone
687,5/4/2025,1187,2069,402,1.0,627.45,180,Web Portal
688,5/4/2025,1001,2052,401,1.0,0,400,SMS
689,5/4/2025,1138,2044,401,2.0,166.06,0,Email
690,5/4/2025,1000,2097,404,2.0,1347.36,120,App
691,5/4/2025,1026,2026,402,3.0,211.56,500,Phone
692,5/4/2025,1125,2007,402,2.0,933.42,150,Web Portal
693,5/4/2025,1023,2005,402,3.0,1286.34,180,Phone
694,5/4/2025,1179,2047,404,0.0,669.96,800,Web Portal
695,5/4/2025,1148,2012,402,3.0,3115.95,80,Web Portal
696,5/4/2025,1019,2075,401,3.0,2341.92,120,SMS
697,5/4/2025,1169,2016,402,2.0,775.25,200,Email
698,5/4/2025,1066,2040,404,2.0,55.26,80,Phone
699,5/4/2025,1081,2057,403,1.0,393.28,60,Web Portal
700,5/4/2025,1019,2025,402,0.0,559.24,40,Phone
701,5/4/2025,1039,2013,402,3.0,4676.8,20,Web Portal
702,5/4/2025,1119,2040,404,0.0,69.08,10,SMS
703,5/4/2025,1137,2045,402,3.0,0,150,Email
704,5/4/2025,1078,2059,403,0.0,1536.15,180,App
705,5/4/2025,1023,2020,403,0.0,0,400,Phone
706,5/4/2025,1055,2041,402,0.0,4021.05,0,Web Portal
707,5/4/2025,1182,2031,403,3.0,1695.9,120,SMS
708,5/4/2025,1131,2006,403,2.0,475.2,500,Email
709,5/4/2025,1044,2003,404,3.0,1155.54,150,App
710,5/4/2025,1142,2095,402,0.0,2453.95,180,Phone
711,5/4/2025,1118,2013,402,0.0,1870.72,800,Web Portal
712,5/4/2025,1003,2007,402,1.0,1050.1,700,Phone
713,5/4/2025,1050,2051,403,0.0,117.32,600,Web Portal
714,5/4/2025,1149,2075,403,0.0,780.64,40,Web Portal
715,5/4/2025,1005,2008,402,3.0,466.13,20,SMS
716,5/4/2025,1032,2011,403,0.0,409.74,10,Email
717,5/4/2025,1010,2059,401,1.0,921.69,150,Phone
718,5/4/2025,1146,2055,404,3.0,0,180,Web Portal
719,5/4/2025,1007,2048,404,1.0,1287.47,400,Phone
720,5/4/2025,1090,2027,402,2.0,413.78,0,Web Portal
721,5/4/2025,1071,2057,402,0.0,1310.94,120,SMS
722,5/4/2025,1157,2079,402,2.0,2281.3,500,Email
723,5/4/2025,1127,2052,404,0.0,2193.78,150,App
724,5/4/2025,1022,2035,404,1.0,1619.98,180,Phone
725,5/4/2025,1107,2025,402,0.0,279.62,800,Web Portal
726,5/4/2025,1097,2091,403,3.0,2717.37,700,SMS
727,5/4/2025,1139,2062,403,2.0,1486.46,600,Email
728,5/4/2025,1099,2034,402,0.0,408.51,120,App
729,5/4/2025,1081,2076,402,0.0,2418.21,200,Phone
730,5/4/2025,1199,2035,401,3.0,2699.97,80,Web Portal
731,5/4/2025,1135,2045,402,1.0,842.78,60,Phone
732,5/4/2025,1025,2031,402,2.0,904.48,40,Web Portal
733,5/4/2025,1136,2094,401,1.0,0,20,Web Portal
734,5/4/2025,1147,2049,403,1.0,3383.42,10,SMS
735,5/4/2025,1045,2030,403,2.0,407.93,150,Email
736,5/4/2025,1151,2003,403,1.0,693.32,180,Phone
737,5/4/2025,1144,2024,404,2.0,298.25,400,Web Portal
738,5/4/2025,1044,2062,401,0.0,1238.72,0,Phone
739,5/4/2025,1014,2029,402,0.0,13.51,120,Web Portal
740,5/4/2025,1134,2061,401,2.0,639.74,500,SMS
741,5/4/2025,1157,2025,402,2.0,671.09,150,Email
742,5/4/2025,1183,2022,403,0.0,2684.72,180,App
743,5/4/2025,1005,2018,402,0.0,542.26,800,Phone
744,5/4/2025,1134,2046,401,2.0,53.49,700,Web Portal
745,5/4/2025,1180,2084,404,0.0,281.85,600,SMS
746,5/4/2025,1086,2038,403,1.0,1667.72,120,Email
747,5/4/2025,1040,2093,404,3.0,755.94,200,App
748,5/4/2025,1166,2040,402,2.0,27.63,80,Phone
749,5/4/2025,1057,2085,402,3.0,1452.9,60,Web Portal
750,5/4/2025,1078,2093,403,1.0,0,40,Phone
751,5/4/2025,1045,2093,401,3.0,2267.82,20,Web Portal
752,5/4/2025,1197,2072,401,1.0,1513.08,10,Web Portal
753,5/4/2025,1154,2040,402,0.0,69.08,150,SMS
754,5/4/2025,1127,2018,403,0.0,0,180,Email
755,5/4/2025,1060,2044,403,1.0,934.11,400,Phone
756,5/4/2025,1162,2011,403,3.0,1229.22,0,Web Portal
757,5/4/2025,1002,2033,402,1.0,3010.5,120,Phone
758,5/4/2025,1177,2008,403,2.0,159.82,500,Web Portal
759,5/4/2025,1027,2092,401,0.0,482.21,150,SMS
760,5/4/2025,1098,2056,404,1.0,944.5,180,Email
761,5/4/2025,1105,2063,404,2.0,2209.84,800,App
762,5/4/2025,1139,2048,401,3.0,357.63,700,Phone
763,5/4/2025,1147,2083,402,1.0,691.34,600,Web Portal
764,5/4/2025,1115,2009,401,2.0,53.05,120,SMS
765,5/4/2025,1005,2040,403,0.0,103.62,200,Email
766,5/4/2025,1018,2043,402,3.0,2620.35,80,App
767,5/4/2025,1041,2093,401,0.0,755.94,60,Phone
768,5/4/2025,1086,2076,404,0.0,0,40,Web Portal
769,5/4/2025,1110,2083,402,3.0,768.16,20,Phone
770,5/4/2025,1040,2006,401,2.0,0,10,Web Portal
771,5/4/2025,1052,2024,404,2.0,298.25,150,Web Portal
772,5/4/2025,1169,2036,403,1.0,392.36,180,SMS
773,5/4/2025,1024,2006,404,3.0,0,400,Email
774,5/4/2025,1039,2006,403,0.0,198,0,Phone
775,5/4/2025,1109,2011,403,3.0,1638.96,120,Web Portal
776,5/4/2025,1051,2012,401,1.0,1121.74,500,Phone
777,5/4/2025,1043,2081,403,0.0,746.22,150,Web Portal
778,5/4/2025,1121,2014,403,3.0,985.2,180,SMS
779,5/4/2025,1120,2062,403,0.0,2477.44,800,Email
780,5/4/2025,1164,2069,404,1.0,0,700,App
781,5/4/2025,1094,2048,403,1.0,321.87,600,Phone
782,5/4/2025,1114,2005,403,3.0,428.78,120,Web Portal
783,5/4/2025,1119,2033,402,2.0,1338,200,SMS
784,5/4/2025,1144,2007,402,0.0,1166.78,80,Email
785,5/4/2025,1021,2085,403,3.0,0,60,App
786,5/4/2025,1193,2075,402,0.0,1561.28,40,Phone
787,5/4/2025,1099,2066,404,3.0,0,20,Web Portal
788,5/4/2025,1146,2030,404,2.0,543.9,10,Phone
789,5/4/2025,1020,2050,401,1.0,168.1,150,Web Portal
790,5/4/2025,1030,2096,404,1.0,3024.81,180,Web Portal
791,5/4/2025,1042,2027,402,1.0,232.75,400,SMS
792,5/4/2025,1010,2054,401,3.0,900.51,0,Email
793,5/4/2025,1051,2080,402,2.0,0,120,Phone
794,5/4/2025,1081,2093,401,0.0,755.94,500,Web Portal
795,5/4/2025,1099,2071,404,2.0,984.26,150,Phone
796,5/4/2025,1070,2066,404,0.0,0,180,Web Portal
797,5/4/2025,1179,2079,404,0.0,2851.62,800,SMS
798,5/4/2025,1106,2019,402,0.0,3735.72,700,Email
799,5/4/2025,1027,2072,401,2.0,672.48,600,App
800,5/4/2025,1137,2044,404,2.0,830.32,80,Phone
801,5/4/2025,1098,2083,404,3.0,2304.48,60,Web Portal
802,5/4/2025,1009,2022,403,3.0,2684.72,40,SMS
803,5/4/2025,1036,2079,404,0.0,950.54,20,Email
804,5/4/2025,1101,2042,402,0.0,335.22,10,App
805,5/4/2025,1190,2060,403,2.0,0,150,Phone
806,5/4/2025,1005,2043,403,2.0,2096.28,180,Web Portal
807,5/4/2025,1071,2062,401,1.0,557.42,400,Phone
808,5/4/2025,1034,2038,404,2.0,2223.62,0,Web Portal
809,5/4/2025,1068,2093,404,0.0,2267.82,120,Web Portal
810,5/4/2025,1048,2056,402,3.0,524.72,500,SMS
811,5/4/2025,1189,2062,403,0.0,1858.08,150,Email
812,5/4/2025,1131,2020,401,2.0,0,180,Phone
813,5/4/2025,1181,2064,404,1.0,264.64,800,Web Portal
814,5/4/2025,1199,2067,401,1.0,0,80,Phone
815,5/4/2025,1049,2025,401,1.0,503.32,60,Web Portal
816,5/4/2025,1008,2058,401,2.0,533.4,40,SMS
817,5/4/2025,1180,2025,403,2.0,894.78,20,Email
818,5/4/2025,1118,2064,404,0.0,882.12,10,App
819,5/4/2025,1174,2003,402,2.0,308.14,150,Phone
820,5/4/2025,1125,2076,404,1.0,725.46,180,Web Portal
821,5/4/2025,1121,2075,403,2.0,2498.05,400,SMS
822,5/4/2025,1041,2033,401,2.0,669,0,Email
823,5/4/2025,1007,2049,401,1.0,845.86,120,App
824,5/4/2025,1146,2099,402,1.0,581.69,500,Phone
825,5/4/2025,1165,2028,402,2.0,1531.06,150,Web Portal
826,5/4/2025,1166,2052,401,0.0,731.26,180,Phone
827,5/4/2025,1121,2016,402,0.0,646.04,800,Web Portal
828,5/4/2025,1057,2032,403,2.0,3782.4,40,Web Portal
829,5/4/2025,1108,2048,403,3.0,357.63,20,SMS
830,5/4/2025,1064,2027,404,2.0,413.78,10,Email
831,5/4/2025,1173,2066,404,0.0,2580.3,150,Phone
832,5/4/2025,1001,2065,403,2.0,376.27,180,Web Portal
833,5/4/2025,1076,2087,401,3.0,796.6,400,Phone
834,5/4/2025,1016,2043,403,2.0,2795.04,0,Web Portal
835,5/4/2025,1070,2033,403,1.0,752.62,120,SMS
836,5/4/2025,1038,2066,402,0.0,1032.12,500,Email
837,5/4/2025,1153,2051,403,1.0,316.76,150,App
838,5/4/2025,1184,2003,404,2.0,1848.86,180,Phone
839,5/4/2025,1066,2053,404,3.0,0,800,Web Portal
840,5/4/2025,1188,2004,402,2.0,2967.2,80,SMS
841,5/4/2025,1185,2091,402,3.0,3623.16,60,Email
842,5/4/2025,1171,2045,403,1.0,280.93,40,App
843,5/4/2025,1168,2071,402,2.0,1968.51,40,Phone
844,5/4/2025,1024,2060,402,2.0,326.7,20,Web Portal
845,5/4/2025,1185,2071,402,2.0,984.26,10,Phone
846,5/4/2025,1167,2011,402,2.0,327.79,150,Web Portal
847,5/4/2025,1057,2095,403,3.0,2453.95,180,Web Portal
848,5/4/2025,1084,2047,403,2.0,803.95,400,SMS
849,5/4/2025,1118,2015,404,0.0,4049.82,0,Email
850,5/4/2025,1162,2074,401,3.0,659.5,120,Phone
851,5/4/2025,1049,2064,401,3.0,882.12,500,Web Portal
852,5/4/2025,1135,2038,404,0.0,926.51,150,Phone
853,5/4/2025,1038,2017,402,2.0,741.92,180,Web Portal
854,5/4/2025,1104,2072,404,1.0,1134.81,800,SMS
855,5/4/2025,1080,2091,402,0.0,2717.37,80,Email
856,5/4/2025,1124,2042,402,2.0,0,60,App
857,5/4/2025,1162,2007,401,3.0,583.39,40,Phone
858,5/4/2025,1070,2026,402,1.0,190.4,150,Web Portal
859,5/4/2025,1125,2097,401,1.0,3031.56,180,SMS
860,5/4/2025,1157,2055,404,3.0,53.94,400,Email
861,5/4/2025,1109,2061,404,0.0,799.68,0,App
862,5/4/2025,1009,2068,402,2.0,0,120,Phone
863,5/4/2025,1003,2041,402,0.0,2412.63,500,Web Portal
864,5/4/2025,1173,2000,402,1.0,872.38,150,Phone
865,5/4/2025,1177,2044,403,1.0,373.64,180,Web Portal
866,5/4/2025,1026,2049,403,1.0,3383.42,800,Web Portal
867,5/4/2025,1016,2005,403,2.0,686.05,80,SMS
868,5/4/2025,1116,2093,403,3.0,755.94,60,Email
869,5/4/2025,1175,2017,403,3.0,463.7,40,Phone
870,5/4/2025,1091,2096,402,1.0,1209.92,40,Web Portal
871,5/4/2025,1103,2002,402,1.0,779.4,20,Phone
872,5/4/2025,1186,2016,402,0.0,646.04,10,Web Portal
873,5/4/2025,1150,2064,402,0.0,294.04,150,SMS
874,5/4/2025,1093,2091,401,3.0,2717.37,180,Email
875,5/4/2025,1163,2032,401,0.0,0,400,App
876,5/4/2025,1169,2013,401,0.0,935.36,0,Phone
877,5/4/2025,1176,2014,404,3.0,1231.5,150,Web Portal
878,5/4/2025,1097,2015,403,3.0,2699.88,180,SMS
879,5/4/2025,1179,2019,402,0.0,1867.86,400,Email
880,5/4/2025,1077,2053,401,2.0,976.24,0,App
881,5/4/2025,1159,2077,402,3.0,561.83,120,Phone
882,5/4/2025,1026,2065,401,2.0,1881.36,500,Web Portal
883,5/4/2025,1029,2013,404,1.0,0,150,Phone
884,5/4/2025,1155,2025,403,1.0,503.32,180,Web Portal
885,5/4/2025,1091,2090,404,2.0,171.94,800,Web Portal
886,5/4/2025,1041,2005,404,1.0,385.9,80,SMS
887,5/4/2025,1176,2061,403,1.0,359.86,60,Email
888,5/4/2025,1000,2001,401,0.0,1649.4,40,Phone
889,5/4/2025,1146,2085,404,1.0,653.81,40,Web Portal
890,5/4/2025,1023,2099,401,0.0,1292.64,20,Phone
891,5/4/2025,1065,2082,402,3.0,266.6,10,Web Portal
892,5/4/2025,1075,2033,404,0.0,2508.75,150,SMS
893,5/4/2025,1025,2022,401,2.0,1073.89,180,Email
894,5/4/2025,1092,2086,403,3.0,894.1,400,App
895,5/4/2025,1189,2014,401,0.0,0,0,Phone
896,5/4/2025,1002,2017,402,2.0,0,80,Web Portal
897,5/4/2025,1091,2056,403,0.0,1049.44,60,SMS
898,5/4/2025,1095,2043,402,0.0,0,40,Email
899,5/4/2025,1102,2051,404,2.0,93.86,40,App
900,5/4/2025,1098,2088,404,3.0,0,20,Phone
901,5/4/2025,1166,2021,401,1.0,0,10,Web Portal
902,5/4/2025,1178,2092,401,1.0,867.98,150,Phone
903,5/4/2025,1026,2053,404,3.0,1830.45,180,Web Portal
904,5/4/2025,1046,2078,404,2.0,454.43,400,Web Portal
905,5/4/2025,1156,2003,402,3.0,1925.9,0,SMS
906,5/4/2025,1124,2014,404,3.0,0,40,Email
907,5/4/2025,1011,2008,403,2.0,106.54,20,Phone
908,5/4/2025,1003,2090,402,2.0,57.31,10,Web Portal
909,5/4/2025,1132,2066,401,3.0,1548.18,150,Phone
910,5/4/2025,1169,2093,402,3.0,755.94,180,Web Portal
911,5/4/2025,1088,2084,404,1.0,0,400,SMS
912,5/4/2025,1142,2078,401,0.0,568.04,0,Email
913,5/4/2025,1164,2020,404,3.0,1879.15,120,App
914,5/4/2025,1042,2009,404,2.0,53.05,500,Phone
915,5/4/2025,1061,2042,403,0.0,167.61,150,Web Portal
916,5/4/2025,1129,2028,404,3.0,2551.76,180,SMS
917,5/4/2025,1060,2010,404,3.0,544.88,800,Email
918,5/4/2025,1146,2057,401,3.0,436.98,80,App
919,5/4/2025,1114,2040,401,3.0,34.54,120,Phone
920,5/4/2025,1190,2083,401,0.0,2304.48,200,Web Portal
921,5/4/2025,1103,2052,401,0.0,2193.78,80,Phone
922,5/4/2025,1023,2077,403,1.0,505.65,60,Web Portal
923,5/4/2025,1167,2085,404,2.0,387.44,40,Web Portal
924,5/4/2025,1093,2006,402,3.0,594,20,SMS
925,5/4/2025,1084,2071,404,2.0,492.13,10,Email
926,5/4/2025,1183,2057,401,0.0,873.96,150,Phone
927,5/4/2025,1194,2084,402,0.0,563.7,180,Web Portal
928,5/4/2025,1087,2045,403,2.0,499.42,400,Phone
929,5/4/2025,1179,2013,401,1.0,1683.65,0,Web Portal
930,5/4/2025,1126,2017,404,0.0,927.4,120,SMS
931,5/4/2025,1065,2078,402,1.0,127.81,500,Email
932,5/4/2025,1030,2050,402,3.0,186.78,150,App
933,5/4/2025,1005,2024,403,0.0,621.35,180,Phone
934,5/4/2025,1193,2053,401,0.0,1830.45,800,Web Portal
935,5/4/2025,1197,2057,404,1.0,1179.85,700,SMS
936,5/4/2025,1127,2000,401,3.0,969.31,600,Email
937,5/4/2025,1149,2061,402,1.0,359.86,120,App
938,5/4/2025,1187,2016,401,3.0,2584.16,200,Phone
939,5/4/2025,1168,2076,403,3.0,2418.21,80,Web Portal
940,5/4/2025,1107,2077,402,2.0,898.93,60,Phone
941,5/4/2025,1101,2043,403,3.0,3493.8,40,Web Portal
942,5/4/2025,1034,2017,404,2.0,0,20,Web Portal
943,5/4/2025,1179,2070,403,1.0,61.52,10,SMS
944,5/4/2025,1051,2026,403,2.0,338.5,150,Email
945,5/4/2025,1172,2016,402,2.0,516.83,180,Phone
946,5/4/2025,1181,2014,403,3.0,246.3,400,Web Portal
947,5/4/2025,1149,2073,404,2.0,799.09,0,Phone
948,5/4/2025,1108,2001,401,0.0,412.35,120,Web Portal
949,5/4/2025,1097,2018,401,0.0,1084.52,500,SMS
950,5/4/2025,1051,2034,402,2.0,217.87,150,Email
951,5/4/2025,1174,2032,402,0.0,4728,180,App
952,5/4/2025,1176,2037,402,0.0,720.28,800,Phone
953,5/4/2025,1091,2057,401,1.0,786.56,700,Web Portal
954,5/4/2025,1190,2082,404,1.0,239.94,600,SMS
955,5/4/2025,1130,2089,403,0.0,413.52,120,Email
956,5/4/2025,1097,2049,404,2.0,0,200,App
957,5/4/2025,1141,2006,401,2.0,0,80,Phone
958,5/4/2025,1051,2079,404,1.0,1710.97,60,Web Portal
959,5/4/2025,1162,2090,403,1.0,257.9,40,Phone
960,5/4/2025,1198,2092,402,2.0,771.54,20,Web Portal
961,5/4/2025,1114,2022,401,1.0,3020.31,10,Web Portal
962,5/4/2025,1044,2094,401,3.0,493.35,150,SMS
963,5/4/2025,1010,2054,403,2.0,720.41,180,Email
964,5/4/2025,1033,2020,403,0.0,751.66,400,Phone
965,5/4/2025,1084,2059,402,0.0,0,0,Web Portal
966,5/4/2025,1039,2041,401,2.0,0,120,Phone
967,5/4/2025,1125,2073,403,0.0,1997.72,500,Web Portal
968,5/4/2025,1005,2090,403,1.0,193.43,150,SMS
969,5/4/2025,1047,2066,401,1.0,464.45,180,Email
970,5/4/2025,1106,2069,404,0.0,464.78,800,App
971,5/4/2025,1089,2028,402,2.0,0,700,Phone
972,5/4/2025,1084,2046,403,1.0,0,600,Web Portal
973,5/4/2025,1192,2079,404,0.0,950.54,120,SMS
974,5/4/2025,1029,2085,403,3.0,726.45,200,Email
975,5/4/2025,1061,2082,402,0.0,533.2,80,App
976,5/4/2025,1174,2041,404,0.0,804.21,60,Phone
977,5/4/2025,1098,2032,403,0.0,0,40,Web Portal
978,5/4/2025,1132,2098,403,3.0,3631.44,20,Phone
979,5/4/2025,1124,2005,403,1.0,1157.71,10,Web Portal
980,5/4/2025,1082,2065,401,0.0,1411.02,150,Web Portal
981,5/4/2025,1042,2098,401,0.0,4539.3,180,SMS
982,5/4/2025,1053,2085,402,3.0,726.45,400,Email
983,5/4/2025,1026,2026,404,0.0,423.12,0,Phone
984,5/4/2025,1191,2087,402,0.0,477.96,120,Web Portal
985,5/4/2025,1117,2091,403,0.0,1811.58,500,Phone
986,5/4/2025,1022,2009,401,1.0,119.36,150,Web Portal
987,5/4/2025,1064,2071,401,1.0,1107.29,180,SMS
988,5/4/2025,1066,2052,404,3.0,5118.82,800,Email
989,5/4/2025,1161,2051,404,2.0,375.42,700,App
990,5/4/2025,1004,2049,401,0.0,939.84,600,Phone
991,5/4/2025,1164,2092,401,0.0,2893.26,120,Web Portal
992,5/4/2025,1179,2009,403,0.0,66.31,200,SMS
993,5/4/2025,1074,2087,403,0.0,477.96,80,Email
994,5/4/2025,1072,2097,404,3.0,842.1,60,App
995,5/4/2025,1101,2084,401,3.0,1127.4,40,Phone
996,5/4/2025,1040,2068,402,1.0,2952.86,20,Web Portal
997,5/4/2025,1191,2050,403,1.0,504.31,10,Phone
998,5/4/2025,1076,2086,403,0.0,2682.3,150,Web Portal
999,5/4/2025,1141,2071,402,0.0,1230.32,180,Web Portal
1000,5/4/2025,1010,2000,404,0.0,3877.24,400,SMS
1001,5/4/2025,1078,2026,403,1.0,761.62,0,Email
1002,5/4/2025,1105,2082,402,1.0,239.94,120,Phone
1003,5/4/2025,1047,2028,403,1.0,1148.29,500,Web Portal
1004,5/4/2025,1029,2023,401,3.0,2818.62,150,Phone
1005,5/4/2025,1165,2070,401,2.0,54.69,180,Web Portal
1006,5/4/2025,1171,2008,403,0.0,133.18,800,SMS
1007,5/4/2025,1050,2092,404,2.0,771.54,700,Email
1008,5/4/2025,1091,2016,402,0.0,1292.08,600,App
1009,5/4/2025,1072,2079,401,1.0,855.49,120,Phone
1010,5/4/2025,1081,2062,404,2.0,495.49,200,Web Portal
1011,5/4/2025,1157,2084,403,1.0,253.67,80,SMS
1012,5/4/2025,1144,2072,403,2.0,672.48,60,Email
1013,5/4/2025,1109,2021,401,2.0,668.33,40,App
1014,5/4/2025,1063,2028,404,2.0,510.35,20,Phone
1015,5/4/2025,1092,2017,403,3.0,1854.8,10,Web Portal
1016,5/4/2025,1118,2057,403,2.0,699.17,150,Phone
1017,5/4/2025,1124,2070,401,1.0,30.76,180,Web Portal
1018,5/4/2025,1165,2077,401,2.0,449.46,400,Web Portal
1019,5/4/2025,1035,2068,402,2.0,1968.58,0,SMS
1020,5/4/2025,1187,2080,401,0.0,0,120,Email
1021,5/4/2025,1004,2064,401,3.0,882.12,500,Phone
1022,5/4/2025,1196,2075,402,0.0,2341.92,150,Web Portal
1023,5/4/2025,1141,2033,404,1.0,0,180,Phone
1024,5/4/2025,1093,2050,402,2.0,448.27,800,Web Portal
1025,5/4/2025,1034,2059,401,3.0,1536.15,700,SMS
1026,5/4/2025,1093,2064,401,1.0,793.91,600,Email
1027,5/4/2025,1157,2087,402,1.0,286.78,120,App
1028,5/4/2025,1114,2020,402,1.0,676.49,200,Phone
1029,5/4/2025,1188,2093,404,2.0,1814.26,80,Web Portal
1030,5/4/2025,1010,2028,404,1.0,1148.29,60,SMS
1031,5/4/2025,1016,2033,403,1.0,2257.88,40,Email
1032,5/4/2025,1010,2085,402,2.0,387.44,20,App
1033,5/4/2025,1099,2060,404,0.0,0,10,Phone
1034,5/4/2025,1010,2083,403,0.0,768.16,150,Web Portal
1035,5/4/2025,1180,2066,403,2.0,1238.54,180,Phone
1036,5/4/2025,1148,2069,402,3.0,697.17,400,Web Portal
1037,5/4/2025,1167,2048,403,0.0,1072.89,0,Web Portal
1038,5/4/2025,1132,2032,404,1.0,851.04,120,SMS
1039,5/4/2025,1132,2051,403,2.0,187.71,500,Email
1040,5/4/2025,1124,2061,401,1.0,0,150,Phone
1041,5/4/2025,1112,2021,402,0.0,835.41,180,Web Portal
1042,5/4/2025,1131,2082,403,1.0,239.94,800,Phone
1043,5/4/2025,1038,2023,402,2.0,0,700,Web Portal
1044,5/4/2025,1154,2091,401,1.0,3260.84,600,SMS
1045,5/4/2025,1106,2042,401,3.0,1173.27,80,Email
1046,5/4/2025,1172,2061,404,1.0,719.71,60,App
1047,5/4/2025,1151,2020,404,0.0,1127.49,40,Phone
1048,5/4/2025,1062,2005,402,1.0,385.9,20,Web Portal
1049,5/4/2025,1034,2080,401,1.0,2996.14,10,SMS
1050,5/4/2025,1014,2021,403,1.0,1503.74,150,Email
1051,5/4/2025,1132,2051,401,2.0,281.57,180,App
1052,5/4/2025,1021,2027,404,3.0,775.83,400,Phone
1053,5/4/2025,1123,2021,402,3.0,0,0,Web Portal
1054,5/4/2025,1153,2018,402,2.0,867.62,120,Phone
1055,5/4/2025,1042,2092,403,3.0,1446.63,500,Web Portal
1056,5/4/2025,1152,2075,401,1.0,2107.73,150,Web Portal
1057,5/4/2025,1096,2049,402,0.0,939.84,180,SMS
1058,5/4/2025,1004,2025,404,1.0,0,800,Email
1059,5/4/2025,1155,2012,402,3.0,623.19,80,Phone
1060,5/4/2025,1157,2076,401,0.0,2418.21,60,Web Portal
1061,5/4/2025,1023,2061,402,0.0,199.92,40,Phone
1062,5/4/2025,1198,2086,404,3.0,894.1,20,Web Portal
1063,5/4/2025,1094,2005,404,1.0,771.8,10,SMS
1064,5/4/2025,1123,2098,404,2.0,3631.44,150,Email
1065,5/4/2025,1150,2094,401,3.0,2466.75,180,App
1066,5/4/2025,1034,2032,404,1.0,1702.08,400,Phone
1067,5/4/2025,1021,2036,404,2.0,348.77,0,Web Portal
1068,5/4/2025,1048,2000,401,0.0,4846.55,120,SMS
1069,5/4/2025,1133,2000,404,1.0,872.38,500,Email
1070,5/4/2025,1176,2040,404,2.0,55.26,150,App
1071,5/4/2025,1027,2019,404,2.0,747.14,180,Phone
1072,5/4/2025,1066,2068,404,2.0,1968.58,800,Web Portal
1073,5/4/2025,1156,2035,404,1.0,0,40,Phone
1074,5/4/2025,1105,2070,404,1.0,0,20,Web Portal
1075,5/4/2025,1094,2071,404,2.0,984.26,10,Web Portal
1076,5/4/2025,1078,2073,403,3.0,499.43,150,SMS
1077,5/4/2025,1188,2017,401,1.0,417.33,180,Email
1078,5/4/2025,1114,2089,402,0.0,827.04,400,Phone
1079,5/4/2025,1054,2065,404,2.0,376.27,0,Web Portal
1080,5/4/2025,1140,2078,401,1.0,255.62,120,Phone
1081,5/4/2025,1099,2081,401,0.0,1492.44,500,Web Portal
1082,5/4/2025,1037,2060,404,0.0,1225.14,150,SMS
1083,5/4/2025,1016,2033,402,2.0,2007,180,Email
1084,5/4/2025,1020,2077,401,3.0,561.83,800,App
1085,5/4/2025,1102,2078,403,0.0,142.01,80,Phone
1086,5/4/2025,1198,2022,404,3.0,671.18,60,Web Portal
1087,5/4/2025,1002,2025,403,1.0,503.32,40,SMS
1088,5/4/2025,1008,2076,402,1.0,1450.93,40,Email
1089,5/4/2025,1172,2004,403,1.0,834.52,20,App
1090,5/4/2025,1167,2000,402,0.0,969.31,10,Phone
1091,5/4/2025,1070,2099,404,2.0,1551.17,150,Web Portal
1092,5/4/2025,1171,2050,404,1.0,168.1,180,Phone
1093,5/4/2025,1132,2001,401,0.0,2061.75,400,Web Portal
1094,5/4/2025,1140,2036,403,2.0,348.77,0,Web Portal
1095,5/4/2025,1070,2028,402,3.0,2551.76,120,SMS
1096,5/4/2025,1103,2073,401,2.0,0,500,Email
1097,5/4/2025,1044,2052,401,0.0,2193.78,150,Phone
1098,5/4/2025,1128,2037,403,0.0,0,180,Web Portal
1099,5/4/2025,1131,2032,403,3.0,4728,800,Phone
1100,5/4/2025,1096,2072,404,1.0,378.27,80,Web Portal
1101,5/4/2025,1193,2043,404,3.0,2620.35,60,SMS
1102,5/4/2025,1150,2003,404,0.0,1155.54,40,Email
1103,5/4/2025,1066,2008,404,1.0,59.93,150,App
1104,5/4/2025,1173,2089,402,2.0,0,180,Phone
1105,5/4/2025,1105,2045,401,2.0,499.42,400,Web Portal
1106,5/4/2025,1063,2036,401,3.0,653.94,0,SMS
1107,5/4/2025,1172,2095,403,0.0,981.58,120,Email
1108,5/4/2025,1141,2022,404,2.0,0,500,App
1109,5/4/2025,1090,2027,403,1.0,698.25,150,Phone
1110,5/4/2025,1191,2087,402,3.0,955.92,180,Web Portal
1111,5/4/2025,1188,2025,402,1.0,251.66,800,Phone
1112,5/4/2025,1067,2026,402,1.0,380.81,80,Web Portal
1113,5/4/2025,1063,2079,403,1.0,1710.97,60,Web Portal
1114,5/4/2025,1199,2013,401,0.0,5612.16,40,SMS
1115,5/4/2025,1173,2084,404,0.0,281.85,40,Email
1116,5/4/2025,1195,2069,401,3.0,697.17,20,Phone
1117,5/4/2025,1095,2079,403,3.0,950.54,10,Web Portal
1118,5/4/2025,1147,2035,404,1.0,809.99,150,Phone
1119,5/4/2025,1195,2065,403,3.0,1411.02,180,Web Portal
1120,5/4/2025,1056,2096,402,0.0,0,400,SMS
1121,5/4/2025,1134,2054,404,0.0,3602.04,0,Email
1122,5/4/2025,1128,2044,404,1.0,373.64,150,App
1123,5/4/2025,1117,2015,404,2.0,1619.93,180,Phone
1124,5/4/2025,1176,2001,401,1.0,371.12,400,Web Portal
1125,5/4/2025,1097,2074,401,2.0,527.6,0,SMS
1126,5/4/2025,1092,2078,403,1.0,383.43,120,Email
1127,5/4/2025,1140,2033,402,2.0,1338,500,App
1128,5/4/2025,1120,2078,403,2.0,227.22,150,Phone
1129,5/4/2025,1047,2063,404,1.0,0,180,Web Portal
1130,5/4/2025,1107,2089,403,2.0,330.82,800,Phone
1131,5/4/2025,1102,2035,404,1.0,1619.98,80,Web Portal
1132,5/4/2025,1146,2016,402,0.0,0,60,Web Portal
1133,5/4/2025,1184,2034,402,3.0,680.85,40,SMS
1134,5/4/2025,1097,2025,402,1.0,1258.29,40,Email
1135,5/4/2025,1121,2001,402,3.0,0,20,Phone
1136,5/4/2025,1127,2017,403,3.0,0,10,Web Portal
1137,5/4/2025,1076,2032,401,3.0,6619.2,150,Phone
1138,5/4/2025,1025,2088,402,0.0,0,180,Web Portal
1139,5/4/2025,1055,2032,404,0.0,945.6,400,SMS
1140,5/4/2025,1115,2095,403,2.0,0,0,Email
1141,5/4/2025,1092,2046,403,2.0,80.23,80,App
1142,5/4/2025,1005,2052,401,2.0,1170.02,60,Phone
1143,5/4/2025,1173,2077,402,1.0,1516.94,40,Web Portal
1144,5/4/2025,1199,2036,403,2.0,871.92,40,SMS
1145,5/4/2025,1172,2065,404,3.0,2822.04,20,Email
1146,5/4/2025,1020,2048,403,3.0,1072.89,10,App
1147,5/4/2025,1161,2018,402,2.0,1301.42,150,Phone
1148,5/4/2025,1107,2080,404,0.0,4993.56,180,Web Portal
1149,5/4/2025,1020,2020,403,1.0,1014.74,400,Phone
1150,5/4/2025,1080,2040,403,2.0,55.26,0,Web Portal
1151,5/4/2025,1154,2082,404,2.0,639.84,40,Web Portal
1152,5/4/2025,1113,2099,403,3.0,646.32,20,SMS
1153,5/4/2025,1105,2021,402,0.0,835.41,10,Email
1154,5/4/2025,1032,2093,402,2.0,2419.01,150,Phone
1155,5/4/2025,1190,2089,401,1.0,0,180,Web Portal
1156,5/4/2025,1042,2050,401,0.0,1120.68,400,Phone
1157,5/4/2025,1016,2060,401,0.0,816.76,0,Web Portal
1158,5/4/2025,1197,2050,401,0.0,560.34,120,SMS
1159,5/4/2025,1067,2079,402,0.0,1901.08,500,Email
1160,5/4/2025,1167,2049,403,1.0,0,150,App
1161,5/4/2025,1063,2094,403,3.0,493.35,180,Phone
1162,5/4/2025,1160,2016,402,1.0,1162.87,800,Web Portal
1163,5/4/2025,1007,2004,403,2.0,2225.4,80,SMS
1164,5/4/2025,1121,2059,403,3.0,2048.2,120,Email
1165,5/4/2025,1034,2089,402,3.0,2481.12,200,App
1166,5/4/2025,1161,2095,404,2.0,392.63,80,Phone
1167,5/4/2025,1088,2061,402,0.0,799.68,60,Web Portal
1168,5/4/2025,1113,2039,403,3.0,976.44,40,Phone
1169,5/4/2025,1066,2019,403,0.0,933.93,20,Web Portal
1170,5/4/2025,1000,2066,402,2.0,412.85,10,Web Portal
1171,5/4/2025,1073,2060,401,3.0,0,150,SMS
1172,5/4/2025,1193,2061,403,0.0,199.92,180,Email
1173,5/4/2025,1196,2055,403,1.0,194.18,400,Phone
1174,5/4/2025,1001,2070,403,1.0,61.52,0,Web Portal
1175,5/4/2025,1105,2071,404,3.0,615.16,120,Phone
1176,5/4/2025,1063,2020,404,3.0,375.83,500,Web Portal
1177,5/4/2025,1056,2033,401,3.0,836.25,150,SMS
1178,5/4/2025,1160,2030,403,2.0,271.95,180,Email
1179,5/4/2025,1166,2095,403,3.0,1472.37,800,App
1180,5/4/2025,1048,2008,402,1.0,0,700,Phone
1181,5/4/2025,1074,2014,404,3.0,738.9,600,Web Portal
1182,5/4/2025,1069,2089,404,1.0,372.17,40,SMS
1183,5/4/2025,1082,2002,402,0.0,1732,20,Email
1184,5/4/2025,1136,2002,402,0.0,1732,10,App
1185,5/4/2025,1072,2034,402,3.0,0,150,Phone
1186,5/4/2025,1186,2001,402,0.0,824.7,180,Web Portal
1187,5/4/2025,1038,2001,404,1.0,0,400,Phone
1188,5/4/2025,1087,2053,403,3.0,2440.6,0,Web Portal
1189,5/4/2025,1095,2059,401,2.0,1638.56,120,Web Portal
1190,5/4/2025,1020,2096,402,0.0,2688.72,500,SMS
1191,5/4/2025,1068,2099,404,0.0,1938.96,150,Email
1192,5/4/2025,1139,2060,402,1.0,1102.63,180,Phone
1193,5/4/2025,1064,2048,401,0.0,715.26,800,Web Portal
1194,5/4/2025,1196,2091,402,3.0,0,700,Phone
1195,5/4/2025,1197,2056,402,0.0,1049.44,600,Web Portal
1196,5/4/2025,1050,2058,401,1.0,1800.22,120,SMS
1197,5/4/2025,1121,2049,403,2.0,751.87,200,Email
1198,5/4/2025,1040,2080,401,0.0,1664.52,80,App
1199,5/4/2025,1064,2061,403,1.0,179.93,60,Phone
1200,5/4/2025,1092,2006,402,0.0,198,40,Web Portal
1201,5/4/2025,1060,2081,404,2.0,1193.95,20,SMS
1202,5/4/2025,1003,2021,403,0.0,2506.23,10,Email
1203,5/4/2025,1101,2031,401,0.0,1130.6,150,App
1204,5/4/2025,1148,2088,404,1.0,0,180,Phone
1205,5/4/2025,1095,2098,401,1.0,2451.22,400,Web Portal
1206,5/4/2025,1040,2063,401,2.0,883.94,0,Phone
1207,5/4/2025,1194,2080,401,0.0,1664.52,120,Web Portal
1208,5/4/2025,1091,2082,402,0.0,0,500,Web Portal
1209,5/4/2025,1032,2062,402,2.0,1981.95,150,SMS
1210,5/4/2025,1142,2082,403,3.0,799.8,180,Email
1211,5/4/2025,1187,2024,401,3.0,372.81,800,Phone
1212,5/4/2025,1091,2092,402,2.0,385.77,700,Web Portal
1213,5/4/2025,1010,2062,404,2.0,990.98,600,Phone
1214,5/4/2025,1138,2089,404,1.0,744.34,120,Web Portal
1215,5/4/2025,1145,2023,403,2.0,1503.26,200,SMS
1216,5/4/2025,1187,2059,403,1.0,1843.38,80,Email
1217,5/4/2025,1017,2067,402,3.0,0,60,App
1218,5/4/2025,1075,2033,403,3.0,836.25,40,Phone
1219,5/4/2025,1000,2099,404,1.0,2326.75,20,Web Portal
1220,5/4/2025,1004,2079,403,1.0,0,10,SMS
1221,5/4/2025,1082,2092,401,3.0,0,150,Email
1222,5/4/2025,1048,2067,404,1.0,785.56,180,App
1223,5/4/2025,1156,2036,403,3.0,0,400,Phone
1224,5/4/2025,1164,2041,401,0.0,804.21,0,Web Portal
1225,5/4/2025,1133,2084,401,0.0,0,120,Phone
1226,5/4/2025,1033,2022,401,1.0,604.06,500,Web Portal
1227,5/4/2025,1027,2062,402,0.0,1238.72,150,Web Portal
1228,5/4/2025,1008,2073,404,3.0,1498.29,180,SMS
1229,5/4/2025,1134,2079,403,0.0,950.54,800,Email
1230,5/4/2025,1093,2028,401,0.0,1275.88,700,Phone
1231,5/4/2025,1053,2083,404,0.0,2304.48,600,Web Portal
1232,5/4/2025,1119,2081,401,2.0,0,120,Phone
1233,5/4/2025,1142,2095,404,2.0,1177.9,200,Web Portal
1234,5/4/2025,1181,2007,403,0.0,583.39,80,SMS
1235,5/4/2025,1187,2009,403,0.0,265.24,60,Email
1236,5/4/2025,1055,2066,401,0.0,2580.3,40,App
1237,5/4/2025,1185,2029,404,1.0,12.16,20,Phone
1238,5/4/2025,1049,2067,402,1.0,261.86,10,Web Portal
1239,5/4/2025,1142,2095,404,0.0,1963.16,150,SMS
1240,5/4/2025,1196,2081,403,3.0,746.22,180,Email
1241,5/4/2025,1179,2085,404,0.0,242.15,400,App
1242,5/4/2025,1042,2023,404,2.0,2254.9,0,Phone
1243,5/4/2025,1168,2020,404,2.0,601.33,120,Web Portal
1244,5/4/2025,1080,2070,403,2.0,0,500,Phone
1245,5/4/2025,1105,2097,404,2.0,673.68,150,Web Portal
1246,5/4/2025,1155,2030,402,3.0,509.91,180,Web Portal
1247,5/4/2025,1196,2070,403,2.0,27.34,800,SMS
1248,5/4/2025,1115,2057,404,0.0,1747.92,700,Email
1249,5/4/2025,1185,2004,403,0.0,2781.75,600,Phone
1250,5/4/2025,1132,2017,403,0.0,0,120,Web Portal
1251,5/4/2025,1076,2028,402,2.0,1020.7,200,Phone
1252,5/4/2025,1005,2098,403,1.0,3268.3,80,Web Portal
1253,5/4/2025,1024,2004,404,2.0,1483.6,60,SMS
1254,5/4/2025,1039,2017,403,2.0,370.96,40,Email
1255,5/4/2025,1149,2031,402,2.0,904.48,20,App
1256,5/4/2025,1076,2011,404,1.0,737.53,10,Phone
1257,5/4/2025,1187,2009,403,3.0,198.93,150,Web Portal
1258,5/4/2025,1044,2062,401,2.0,495.49,180,SMS
1259,5/4/2025,1009,2093,404,0.0,0,400,Email
1260,5/4/2025,1199,2007,403,2.0,1400.14,0,App
1261,5/4/2025,1111,2053,401,1.0,3294.81,120,Phone
1262,5/4/2025,1191,2083,401,3.0,768.16,500,Web Portal
1263,5/4/2025,1013,2039,401,2.0,1562.3,150,Phone
1264,5/4/2025,1138,2072,402,2.0,672.48,180,Web Portal
1265,5/4/2025,1128,2089,402,1.0,744.34,800,Web Portal
1266,5/4/2025,1012,2086,404,3.0,2682.3,700,SMS
1267,5/4/2025,1192,2076,401,1.0,1450.93,600,Email
1268,5/4/2025,1110,2037,404,1.0,324.13,80,Phone
1269,5/4/2025,1033,2043,401,3.0,4367.25,60,Web Portal
1270,5/4/2025,1146,2095,401,3.0,1963.16,40,Phone
1271,5/4/2025,1067,2010,404,3.0,0,20,Web Portal
1272,5/4/2025,1198,2089,402,1.0,744.34,10,SMS
1273,5/4/2025,1123,2071,402,3.0,1845.48,150,Email
1274,5/4/2025,1101,2083,402,1.0,2074.03,180,App
1275,5/4/2025,1062,2009,403,3.0,66.31,400,Phone
1276,5/4/2025,1082,2087,401,0.0,318.64,0,Web Portal
1277,5/4/2025,1171,2052,404,2.0,0,120,SMS
1278,5/4/2025,1089,2024,403,2.0,298.25,500,Email
1279,5/4/2025,1152,2083,401,2.0,1843.58,150,App
1280,5/4/2025,1043,2044,404,1.0,373.64,180,Phone
1281,5/4/2025,1112,2005,402,1.0,0,800,Web Portal
1282,5/4/2025,1175,2047,402,0.0,1004.94,80,Phone
1283,5/4/2025,1028,2094,401,1.0,888.03,60,Web Portal
1284,5/4/2025,1158,2018,403,0.0,2169.04,40,Web Portal
1285,5/4/2025,1087,2088,401,2.0,567.48,20,SMS
1286,5/4/2025,1115,2060,401,2.0,980.11,10,Email
1287,5/4/2025,1053,2094,402,1.0,888.03,150,Phone
1288,5/4/2025,1139,2066,403,3.0,2580.3,180,Web Portal
1289,5/4/2025,1159,2093,402,0.0,0,400,Phone
1290,5/4/2025,1096,2074,401,2.0,1055.2,0,Web Portal
1291,5/4/2025,1043,2007,403,1.0,525.05,120,SMS
1292,5/4/2025,1178,2079,403,0.0,950.54,500,Email
1293,5/4/2025,1119,2083,401,0.0,768.16,150,App
1294,5/4/2025,1099,2084,403,2.0,0,180,Phone
1295,5/4/2025,1027,2002,403,3.0,866,800,Web Portal
1296,5/4/2025,1059,2048,401,2.0,572.21,40,SMS
1297,5/4/2025,1124,2076,401,1.0,2176.39,20,Email
1298,5/4/2025,1050,2064,404,0.0,1470.2,10,App
1299,5/4/2025,1010,2031,403,2.0,1356.72,150,Phone
1300,5/4/2025,1125,2050,402,0.0,373.56,180,Web Portal
1301,5/4/2025,1088,2087,403,2.0,509.82,400,Phone
1302,5/4/2025,1160,2038,402,2.0,2223.62,0,Web Portal
1303,5/4/2025,1015,2080,403,3.0,2496.78,120,Web Portal
1304,5/4/2025,1007,2071,403,1.0,553.64,500,SMS
1305,5/4/2025,1038,2043,404,1.0,786.1,150,Email
1306,5/4/2025,1022,2093,404,1.0,2721.38,180,Phone
1307,5/4/2025,1106,2030,402,3.0,1019.82,800,Web Portal
1308,5/4/2025,1079,2077,403,3.0,561.83,80,Phone
1309,5/4/2025,1138,2016,402,1.0,872.15,60,Web Portal
1310,5/4/2025,1148,2069,402,1.0,418.3,40,SMS
1311,5/4/2025,1079,2088,402,3.0,709.35,40,Email
1312,5/4/2025,1197,2018,402,2.0,867.62,20,App
1313,5/4/2025,1017,2071,401,1.0,553.64,10,Phone
1314,5/4/2025,1081,2018,401,2.0,867.62,150,Web Portal
1315,5/4/2025,1105,2052,403,3.0,731.26,180,SMS
1316,5/4/2025,1190,2081,403,1.0,0,400,Email
1317,5/4/2025,1199,2024,401,1.0,223.69,0,App
1318,5/4/2025,1047,2003,403,1.0,346.66,120,Phone
1319,5/4/2025,1152,2029,402,0.0,27.02,500,Web Portal
1320,5/4/2025,1091,2010,404,1.0,210.17,150,Phone
1321,5/4/2025,1128,2077,404,2.0,0,180,Web Portal
1322,5/4/2025,1047,2049,404,3.0,0,800,Web Portal
1323,5/4/2025,1035,2020,402,1.0,676.49,80,SMS
1324,5/4/2025,1008,2052,401,2.0,585.01,60,Email
1325,5/4/2025,1105,2028,402,1.0,1148.29,40,Phone
1326,5/4/2025,1016,2022,404,3.0,2684.72,150,Web Portal
1327,5/4/2025,1176,2041,404,1.0,1447.58,180,Phone
1328,5/4/2025,1109,2051,401,3.0,469.28,400,Web Portal
1329,5/4/2025,1184,2040,404,0.0,103.62,0,SMS
1330,5/4/2025,1133,2013,404,3.0,3741.44,120,Email
1331,5/4/2025,1010,2031,404,0.0,1130.6,500,App
1332,5/4/2025,1142,2049,401,1.0,0,150,Phone
1333,5/4/2025,1074,2056,404,2.0,839.55,180,Web Portal
1334,5/4/2025,1198,2036,404,1.0,392.36,800,SMS
1335,5/4/2025,1108,2037,401,1.0,648.25,80,Email
1336,5/4/2025,1118,2082,404,0.0,799.8,60,App
1337,5/4/2025,1184,2064,401,1.0,264.64,40,Phone
1338,5/4/2025,1199,2074,402,3.0,1978.5,40,Web Portal
1339,5/4/2025,1105,2041,404,0.0,0,20,Phone
1340,5/4/2025,1045,2058,402,3.0,0,10,Web Portal
1341,5/4/2025,1023,2032,403,1.0,1702.08,150,Web Portal
1342,5/4/2025,1183,2093,401,0.0,2267.82,180,SMS
1343,5/4/2025,1029,2090,404,2.0,57.31,400,Email
1344,5/4/2025,1021,2067,404,1.0,261.86,0,Phone
1345,5/4/2025,1096,2070,404,0.0,136.72,150,Web Portal
1346,5/4/2025,1196,2021,403,1.0,751.87,180,Phone
1347,5/4/2025,1041,2018,402,0.0,1084.52,400,Web Portal
1348,5/4/2025,1107,2039,403,3.0,0,0,SMS
1349,5/4/2025,1073,2080,402,0.0,3329.04,120,Email
1350,5/4/2025,1033,2025,401,2.0,671.09,500,App
1351,5/4/2025,1003,2058,404,3.0,2000.25,150,Phone
1352,5/4/2025,1139,2000,404,1.0,1744.76,180,Web Portal
1353,5/4/2025,1055,2075,404,3.0,3122.56,800,SMS
1354,5/4/2025,1104,2056,401,0.0,1574.16,80,Email
1355,5/4/2025,1062,2070,403,1.0,30.76,60,App
1356,5/4/2025,1012,2023,402,0.0,2818.62,40,Phone
1357,5/4/2025,1167,2044,401,1.0,560.47,40,Web Portal
1358,5/4/2025,1008,2085,403,2.0,0,20,Phone
1359,5/4/2025,1022,2006,401,3.0,990,10,Web Portal
1360,5/4/2025,1045,2020,403,1.0,1352.99,150,Web Portal
1361,5/4/2025,1116,2095,403,0.0,981.58,180,SMS
1362,5/4/2025,1023,2098,403,2.0,1452.58,400,Email
1363,5/4/2025,1094,2048,401,3.0,1072.89,0,Phone
1364,5/4/2025,1140,2008,403,3.0,0,80,Web Portal
1365,5/4/2025,1034,2015,403,2.0,1079.95,60,Phone
1366,5/4/2025,1134,2052,402,1.0,1316.27,40,Web Portal
1367,5/4/2025,1156,2007,401,0.0,1750.17,40,SMS
1368,5/4/2025,1123,2092,403,3.0,0,20,Email
1369,5/4/2025,1155,2040,403,2.0,27.63,10,App
1370,5/4/2025,1033,2078,404,3.0,568.04,150,Phone
1371,5/4/2025,1126,2023,402,2.0,2254.9,180,Web Portal
1372,5/4/2025,1049,2000,401,0.0,3877.24,400,SMS
1373,5/4/2025,1119,2080,401,1.0,0,0,Email
1374,5/4/2025,1157,2053,404,0.0,1830.45,40,App
1375,5/4/2025,1085,2044,402,0.0,207.58,20,Phone
1376,5/4/2025,1163,2025,403,2.0,447.39,10,Web Portal
1377,5/4/2025,1017,2039,403,2.0,3905.76,150,Phone
1378,5/4/2025,1196,2000,401,2.0,0,180,Web Portal
1379,5/4/2025,1087,2050,401,1.0,168.1,400,Web Portal
1380,5/4/2025,1049,2042,403,3.0,670.44,0,SMS
1381,5/4/2025,1121,2004,402,3.0,3709,120,Email
1382,5/4/2025,1039,2080,404,2.0,665.81,500,Phone
1383,5/4/2025,1118,2052,401,2.0,0,150,Web Portal
1384,5/4/2025,1144,2092,403,0.0,1446.63,180,Phone
1385,5/4/2025,1053,2073,403,2.0,1198.63,800,Web Portal
1386,5/4/2025,1016,2019,403,0.0,0,80,SMS
1387,5/4/2025,1086,2048,402,3.0,1072.89,120,Email
1388,5/4/2025,1047,2076,401,2.0,0,200,App
1389,5/4/2025,1180,2040,401,2.0,110.53,80,Phone
1390,5/4/2025,1105,2011,404,1.0,0,60,Web Portal
1391,5/4/2025,1095,2057,403,1.0,786.56,40,SMS
1392,5/4/2025,1134,2038,402,0.0,926.51,20,Email
1393,5/4/2025,1095,2004,402,0.0,0,10,App
1394,5/4/2025,1113,2064,401,3.0,294.04,150,Phone
1395,5/4/2025,1128,2019,402,2.0,1494.29,180,Web Portal
1396,5/4/2025,1123,2093,403,2.0,3023.76,400,Phone
1397,5/4/2025,1036,2098,401,1.0,817.07,0,Web Portal
1398,5/4/2025,1052,2092,401,3.0,1928.84,120,Web Portal
1399,5/4/2025,1099,2091,401,0.0,905.79,500,SMS
1400,5/4/2025,1079,2005,401,2.0,1715.12,150,Email
1401,5/4/2025,1119,2005,401,2.0,686.05,180,Phone
1402,5/4/2025,1005,2073,403,1.0,0,800,Web Portal
1403,5/4/2025,1082,2025,402,2.0,223.7,700,Phone
1404,5/4/2025,1070,2068,403,3.0,2460.72,600,Web Portal
1405,5/4/2025,1171,2015,403,1.0,0,120,SMS
1406,5/4/2025,1040,2035,401,0.0,899.99,200,Email
1407,5/4/2025,1159,2071,401,1.0,1660.93,80,App
1408,5/4/2025,1138,2044,403,2.0,0,60,Phone
1409,5/4/2025,1036,2090,403,1.0,0,40,Web Portal
1410,5/4/2025,1043,2009,403,2.0,106.1,20,SMS
1411,5/4/2025,1138,2056,401,1.0,944.5,10,Email
1412,5/4/2025,1007,2060,401,0.0,816.76,150,App
1413,5/4/2025,1098,2006,401,3.0,990,180,Phone
1414,5/4/2025,1100,2022,404,2.0,1610.83,400,Web Portal
1415,5/4/2025,1079,2042,402,0.0,167.61,0,Phone
1416,5/4/2025,1193,2097,404,1.0,2273.67,120,Web Portal
1417,5/4/2025,1023,2089,404,0.0,413.52,500,Web Portal
1418,5/4/2025,1116,2039,404,3.0,3905.76,150,SMS
1419,5/4/2025,1059,2028,402,2.0,1531.06,180,Email
1420,5/4/2025,1093,2050,402,2.0,298.85,800,Phone
1421,5/4/2025,1083,2058,404,0.0,2000.25,700,Web Portal
1422,5/4/2025,1016,2060,401,2.0,653.41,600,Phone
1423,5/4/2025,1122,2059,402,2.0,1228.92,120,Web Portal
1424,5/4/2025,1196,2044,402,0.0,207.58,200,SMS
1425,5/4/2025,1103,2091,401,2.0,2173.9,80,Email
1426,5/4/2025,1142,2083,401,2.0,1229.06,60,App
1427,5/4/2025,1136,2059,404,3.0,2560.25,40,Phone
1428,5/4/2025,1061,2079,402,1.0,2566.46,20,Web Portal
1429,5/4/2025,1123,2049,401,2.0,751.87,10,SMS
1430,5/4/2025,1053,2088,404,3.0,709.35,150,Email
1431,5/4/2025,1145,2043,402,1.0,1572.21,180,App
1432,5/4/2025,1169,2085,401,3.0,1210.75,400,Phone
1433,5/4/2025,1029,2075,404,2.0,1249.02,0,Web Portal
1434,5/4/2025,1142,2012,404,1.0,1682.61,120,Phone
1435,5/4/2025,1078,2051,401,0.0,117.32,500,Web Portal
1436,5/4/2025,1175,2076,404,2.0,1289.71,150,Web Portal
1437,5/4/2025,1126,2082,401,0.0,1066.4,180,SMS
1438,5/4/2025,1055,2017,401,1.0,1669.32,800,Email
1439,5/4/2025,1169,2019,404,2.0,747.14,700,Phone
1440,5/4/2025,1099,2078,404,1.0,383.43,600,Web Portal
1441,5/4/2025,1052,2087,403,2.0,0,120,Phone
1442,5/4/2025,1145,2086,403,3.0,2682.3,200,Web Portal
1443,5/4/2025,1183,2044,401,0.0,1037.9,80,SMS
1444,5/4/2025,1156,2065,404,1.0,423.31,60,Email
1445,5/4/2025,1075,2007,403,0.0,1166.78,40,App
1446,5/4/2025,1000,2090,403,0.0,143.28,20,Phone
1447,5/4/2025,1072,2003,402,3.0,0,10,Web Portal
1448,5/4/2025,1179,2075,404,2.0,1873.54,150,SMS
1449,5/4/2025,1182,2048,404,3.0,357.63,180,Email
1450,5/4/2025,1111,2069,402,1.0,836.6,400,App
1451,5/4/2025,1121,2017,402,3.0,2782.2,0,Phone
1452,5/4/2025,1092,2053,402,2.0,1464.36,120,Web Portal
1453,5/4/2025,1171,2016,402,0.0,646.04,500,Phone
1454,5/4/2025,1018,2082,401,1.0,0,150,Web Portal
1455,5/4/2025,1184,2062,404,1.0,1672.27,180,Web Portal
1456,5/4/2025,1021,2017,404,3.0,463.7,800,SMS
1457,5/4/2025,1178,2077,404,1.0,505.65,700,Email
1458,5/4/2025,1116,2065,404,3.0,470.34,600,Phone
1459,5/4/2025,1098,2045,402,1.0,280.93,120,Web Portal
1460,5/4/2025,1108,2077,401,3.0,1685.49,200,Phone
1461,5/4/2025,1187,2030,403,3.0,509.91,80,Web Portal
1462,5/4/2025,1139,2073,403,0.0,499.43,60,SMS
1463,5/4/2025,1009,2072,404,2.0,0,40,Email
1464,5/4/2025,1028,2074,404,0.0,3297.5,20,App
1465,5/4/2025,1036,2093,403,3.0,0,10,Phone
1466,5/4/2025,1132,2010,401,1.0,0,150,Web Portal
1467,5/4/2025,1120,2080,401,2.0,665.81,180,SMS
1468,5/4/2025,1156,2006,403,0.0,198,400,Email
1469,5/4/2025,1120,2058,404,2.0,1600.2,0,App
1470,5/4/2025,1107,2045,403,2.0,249.71,120,Phone
1471,5/4/2025,1042,2004,403,2.0,0,500,Web Portal
1472,5/4/2025,1015,2080,404,1.0,749.03,150,Phone
1473,5/4/2025,1146,2006,403,0.0,792,180,Web Portal
1474,5/4/2025,1073,2062,401,1.0,1114.85,800,Web Portal
1475,5/4/2025,1129,2009,403,2.0,0,700,SMS
1476,5/4/2025,1033,2078,403,2.0,340.82,600,Email
1477,5/4/2025,1065,2001,401,1.0,371.12,120,Phone
1478,5/4/2025,1151,2094,402,3.0,493.35,200,Web Portal
1479,5/4/2025,1094,2022,403,1.0,0,80,Phone
1480,5/4/2025,1124,2023,401,2.0,2254.9,60,Web Portal
1481,5/4/2025,1021,2018,402,3.0,542.26,40,SMS
1482,5/4/2025,1192,2052,404,1.0,0,20,Email
1483,5/4/2025,1169,2056,402,1.0,944.5,10,App
1484,5/4/2025,1147,2093,403,0.0,2267.82,150,Phone
1485,5/4/2025,1164,2033,401,0.0,836.25,180,Web Portal
1486,5/4/2025,1042,2059,404,3.0,3072.3,400,SMS
1487,5/4/2025,1077,2060,402,3.0,1633.52,0,Email
1488,5/4/2025,1174,2090,404,3.0,286.56,120,App
1489,5/4/2025,1067,2018,404,0.0,2169.04,500,Phone
1490,5/4/2025,1073,2057,404,2.0,349.58,150,Web Portal
1491,5/4/2025,1135,2087,401,0.0,318.64,180,Phone
1492,5/4/2025,1136,2081,403,3.0,2238.66,800,Web Portal
1493,5/4/2025,1156,2083,403,2.0,1229.06,700,Web Portal
1494,5/4/2025,1069,2034,401,2.0,217.87,600,SMS
1495,5/4/2025,1167,2074,404,3.0,2638,120,Email
1496,5/4/2025,1197,2086,402,1.0,2414.07,200,Phone
1497,5/4/2025,1133,2043,402,2.0,1397.52,80,Web Portal
1498,5/4/2025,1140,2001,401,0.0,1237.05,60,Phone
1499,5/4/2025,1003,2052,401,0.0,731.26,40,Web Portal
1500,5/4/2025,1175,2057,403,1.0,1179.85,20,SMS
1501,5/4/2025,1185,2036,403,1.0,980.91,10,Email
1502,5/4/2025,1008,2003,401,0.0,0,150,App
1503,5/4/2025,1152,2084,402,0.0,281.85,180,Phone
1504,5/4/2025,1181,2015,401,1.0,1214.95,400,Web Portal
1505,5/4/2025,1096,2084,402,0.0,0,0,SMS
1506,5/4/2025,1178,2023,403,2.0,1503.26,120,Email
1507,5/4/2025,1119,2084,401,3.0,0,500,App
1508,5/4/2025,1070,2098,404,2.0,1452.58,150,Phone
1509,5/4/2025,1065,2020,401,2.0,300.66,180,Web Portal
1510,5/4/2025,1198,2007,404,3.0,2333.56,800,Phone
1511,5/4/2025,1085,2007,403,2.0,933.42,700,Web Portal
1512,5/4/2025,1045,2056,401,3.0,3148.32,600,Web Portal
1513,5/4/2025,1051,2078,404,1.0,383.43,80,SMS
1514,5/4/2025,1165,2062,401,1.0,557.42,60,Email
1515,5/4/2025,1138,2098,404,1.0,817.07,40,Phone
1516,5/4/2025,1157,2082,401,3.0,1066.4,20,Web Portal
1517,5/4/2025,1183,2033,401,0.0,0,10,Phone
1518,5/4/2025,1018,2009,403,3.0,0,150,Web Portal
1519,5/4/2025,1004,2063,402,0.0,552.46,180,SMS
1520,5/4/2025,1009,2085,404,2.0,193.72,400,Email
1521,5/4/2025,1038,2089,403,3.0,1240.56,0,App
1522,5/4/2025,1147,2000,404,3.0,4846.55,120,Phone
1523,5/4/2025,1111,2051,401,1.0,211.18,500,Web Portal
1524,5/4/2025,1000,2049,404,0.0,5639.04,150,SMS
1525,5/4/2025,1145,2068,403,2.0,656.19,180,Email
1526,5/4/2025,1174,2038,404,0.0,1853.02,800,App
1527,5/4/2025,1161,2082,401,2.0,213.28,80,Phone
1528,5/4/2025,1136,2043,401,3.0,3493.8,60,Web Portal
1529,5/4/2025,1194,2098,403,1.0,2451.22,40,Phone
1530,5/4/2025,1045,2070,401,3.0,102.54,20,Web Portal
1531,5/4/2025,1169,2024,403,3.0,621.35,10,Web Portal
1532,5/4/2025,1027,2080,403,3.0,2496.78,150,SMS
1533,5/4/2025,1021,2080,404,1.0,2247.1,180,Email
1534,5/4/2025,1035,2004,402,0.0,1854.5,400,Phone
1535,5/4/2025,1184,2075,402,3.0,2341.92,0,Web Portal
1536,5/4/2025,1099,2008,403,3.0,66.59,120,Phone
1537,5/4/2025,1136,2057,401,0.0,1310.94,500,Web Portal
1538,5/4/2025,1086,2007,403,0.0,1750.17,150,SMS
1539,5/4/2025,1103,2015,402,3.0,2024.91,180,Email
1540,5/4/2025,1173,2068,402,1.0,0,800,App
1541,5/4/2025,1018,2004,402,3.0,927.25,40,Phone
1542,5/4/2025,1167,2002,404,0.0,866,20,Web Portal
1543,5/4/2025,1062,2089,402,0.0,2067.6,10,SMS
1544,5/4/2025,1044,2080,401,2.0,665.81,150,Email
1545,5/4/2025,1024,2058,402,0.0,2000.25,180,App
1546,5/4/2025,1027,2014,404,1.0,443.34,400,Phone
1547,5/4/2025,1016,2025,404,2.0,671.09,0,Web Portal
1548,5/4/2025,1188,2086,404,2.0,2861.12,120,Phone
1549,5/4/2025,1030,2087,402,2.0,382.37,500,Web Portal
1550,5/4/2025,1054,2097,401,1.0,2273.67,150,Web Portal
1551,5/4/2025,1085,2008,401,2.0,106.54,180,SMS
1552,5/4/2025,1036,2096,404,1.0,1814.89,800,Email
1553,5/4/2025,1178,2047,402,3.0,1004.94,80,Phone
1554,5/4/2025,1062,2074,401,1.0,1187.1,60,Web Portal
1555,5/4/2025,1025,2080,404,1.0,3745.17,40,Phone
1556,5/4/2025,1004,2062,401,0.0,2477.44,40,Web Portal
1557,5/4/2025,1001,2022,401,2.0,536.94,20,SMS
1558,5/4/2025,1106,2088,404,1.0,1276.83,10,Email
1559,5/4/2025,1052,2018,403,3.0,2169.04,150,App
1560,5/4/2025,1105,2030,402,0.0,339.94,180,Phone
1561,5/4/2025,1152,2023,404,0.0,1879.08,400,Web Portal
1562,5/4/2025,1160,2038,403,3.0,0,0,SMS
1563,5/4/2025,1001,2071,402,1.0,1660.93,120,Email
1564,5/4/2025,1030,2067,401,2.0,465.52,500,App
1565,5/4/2025,1194,2069,402,3.0,929.56,150,Phone
1566,5/4/2025,1197,2080,402,2.0,1331.62,180,Web Portal
1567,5/4/2025,1013,2024,401,1.0,335.53,800,Phone
1568,5/4/2025,1175,2060,404,1.0,735.08,80,Web Portal
1569,5/4/2025,1040,2085,401,0.0,484.3,60,Web Portal
1570,5/4/2025,1165,2046,403,1.0,60.17,40,SMS
1571,5/4/2025,1111,2032,403,3.0,3782.4,150,Email
1572,5/4/2025,1011,2013,401,1.0,1683.65,180,Phone
1573,5/4/2025,1040,2003,404,0.0,385.18,400,Web Portal
1574,5/4/2025,1018,2030,404,2.0,135.98,0,Phone
1575,5/4/2025,1107,2025,403,1.0,754.97,120,Web Portal
1576,5/4/2025,1199,2014,403,1.0,0,500,SMS
1577,5/4/2025,1025,2030,404,1.0,0,150,Email
1578,5/4/2025,1096,2028,401,3.0,2551.76,180,App
1579,5/4/2025,1149,2062,401,3.0,1858.08,800,Phone
1580,5/4/2025,1037,2027,404,1.0,465.5,80,Web Portal
1581,5/4/2025,1099,2047,402,3.0,0,60,SMS
1582,5/4/2025,1184,2024,403,2.0,198.83,40,Email
1583,5/4/2025,1051,2042,402,0.0,167.61,40,App
1584,5/4/2025,1177,2072,401,2.0,672.48,20,Phone
1585,5/4/2025,1034,2014,404,3.0,985.2,10,Web Portal
1586,5/4/2025,1107,2021,403,1.0,751.87,150,Phone
1587,5/4/2025,1075,2077,402,1.0,2528.24,180,Web Portal
1588,5/4/2025,1147,2070,402,0.0,34.18,400,Web Portal
1589,5/4/2025,1105,2066,404,1.0,928.91,0,SMS
1590,5/4/2025,1151,2060,404,2.0,653.41,150,Email
1591,5/4/2025,1003,2093,404,1.0,680.35,180,Phone
1592,5/4/2025,1063,2041,404,1.0,2171.37,400,Web Portal
1593,5/4/2025,1151,2019,401,3.0,933.93,0,Phone
1594,5/4/2025,1011,2005,404,0.0,428.78,120,Web Portal
1595,5/4/2025,1108,2067,404,3.0,290.95,500,SMS
1596,5/4/2025,1178,2012,404,3.0,623.19,150,Email
1597,5/4/2025,1061,2010,401,3.0,389.2,180,App
1598,5/4/2025,1055,2016,403,2.0,0,800,Phone
1599,5/4/2025,1061,2082,401,0.0,266.6,80,Web Portal
1600,5/4/2025,1122,2085,403,1.0,217.94,60,SMS
1601,5/4/2025,1180,2058,401,3.0,666.75,40,Email
1602,5/4/2025,1118,2098,402,3.0,907.86,40,App
1603,5/4/2025,1047,2047,404,0.0,334.98,20,Phone
1604,5/4/2025,1160,2009,404,2.0,0,10,Web Portal
1605,5/4/2025,1135,2004,403,3.0,3709,150,Phone
1606,5/4/2025,1192,2034,402,0.0,0,180,Web Portal
1607,5/4/2025,1158,2042,401,2.0,402.26,400,Web Portal
1608,5/4/2025,1013,2014,404,2.0,197.04,0,SMS
1609,5/4/2025,1119,2079,401,2.0,4562.59,80,Email
1610,5/4/2025,1093,2022,401,1.0,604.06,60,Phone
1611,5/4/2025,1035,2042,402,0.0,335.22,40,Web Portal
1612,5/4/2025,1166,2061,402,1.0,179.93,40,Phone
1613,5/4/2025,1082,2045,403,3.0,312.14,20,Web Portal
1614,5/4/2025,1070,2006,401,2.0,633.6,10,SMS
1615,5/4/2025,1088,2057,404,0.0,436.98,150,Email
1616,5/4/2025,1120,2090,403,3.0,214.92,180,App
1617,5/4/2025,1158,2047,401,1.0,904.45,400,Phone
1618,5/4/2025,1117,2011,401,3.0,0,0,Web Portal
1619,5/4/2025,1045,2036,401,0.0,217.98,40,SMS
1620,5/4/2025,1042,2035,401,1.0,809.99,20,Email
1621,5/4/2025,1127,2019,402,0.0,933.93,10,App
1622,5/4/2025,1075,2053,402,3.0,2440.6,150,Phone
1623,5/4/2025,1088,2053,404,0.0,610.15,180,Web Portal
1624,5/4/2025,1074,2024,401,0.0,248.54,400,Phone
1625,5/4/2025,1059,2066,403,3.0,2064.24,0,Web Portal
1626,5/4/2025,1148,2043,403,3.0,873.45,120,Web Portal
1627,5/4/2025,1151,2085,404,3.0,726.45,500,SMS
1628,5/4/2025,1077,2072,402,2.0,1008.72,150,Email
1629,5/4/2025,1043,2033,402,3.0,836.25,180,Phone
1630,5/4/2025,1095,2036,401,1.0,392.36,800,Web Portal
1631,5/4/2025,1090,2036,404,1.0,588.55,80,Phone
1632,5/4/2025,1158,2020,403,1.0,676.49,120,Web Portal
1633,5/4/2025,1044,2090,402,1.0,0,200,SMS
1634,5/4/2025,1060,2014,401,2.0,591.12,80,Email
1635,5/4/2025,1147,2016,404,2.0,516.83,60,App
1636,5/4/2025,1094,2023,402,0.0,1879.08,40,Phone
1637,5/4/2025,1170,2040,403,1.0,0,20,Web Portal
1638,5/4/2025,1095,2057,402,2.0,349.58,10,SMS
1639,5/4/2025,1031,2003,404,3.0,0,150,Email
1640,5/4/2025,1196,2018,404,2.0,433.81,180,App
1641,5/4/2025,1039,2000,403,2.0,775.45,400,Phone
1642,5/4/2025,1121,2037,402,3.0,1080.42,0,Web Portal
1643,5/4/2025,1086,2088,401,3.0,2837.4,120,Phone
1644,5/4/2025,1010,2017,401,2.0,1112.88,500,Web Portal
1645,5/4/2025,1006,2051,402,3.0,351.96,150,Web Portal
1646,5/4/2025,1091,2011,403,0.0,819.48,180,SMS
1647,5/4/2025,1155,2082,402,1.0,959.76,800,Email
1648,5/4/2025,1005,2098,403,1.0,817.07,700,Phone
1649,5/4/2025,1005,2010,404,0.0,233.52,600,Web Portal
1650,5/4/2025,1131,2050,402,3.0,747.12,40,Phone
1651,5/4/2025,1081,2077,401,2.0,1797.86,20,Web Portal
1652,5/4/2025,1101,2018,404,2.0,867.62,10,SMS
1653,5/4/2025,1098,2047,401,2.0,1071.94,150,Email
1654,5/4/2025,1088,2044,403,3.0,830.32,180,App
1655,5/4/2025,1143,2011,402,3.0,1229.22,400,Phone
1656,5/4/2025,1189,2053,404,2.0,1464.36,0,Web Portal
1657,5/4/2025,1041,2093,404,3.0,2267.82,120,SMS
1658,5/4/2025,1035,2075,401,1.0,1405.15,500,Email
1659,5/4/2025,1053,2038,404,2.0,2964.83,150,App
1660,5/4/2025,1016,2075,404,0.0,3122.56,180,Phone
1661,5/4/2025,1001,2052,403,3.0,731.26,800,Web Portal
1662,5/4/2025,1044,2071,404,1.0,553.64,700,Phone
1663,5/4/2025,1051,2023,404,2.0,0,600,Web Portal
1664,5/4/2025,1141,2062,401,2.0,1486.46,120,Web Portal
1665,5/4/2025,1149,2038,404,3.0,926.51,200,SMS
1666,5/4/2025,1057,2003,401,1.0,2079.97,80,Email
1667,5/4/2025,1067,2038,404,0.0,926.51,60,Phone
1668,5/4/2025,1167,2085,403,3.0,242.15,40,Web Portal
1669,5/4/2025,1045,2062,402,0.0,1858.08,20,Phone
1670,5/4/2025,1030,2097,403,3.0,3368.4,10,Web Portal
1671,5/4/2025,1017,2076,403,3.0,0,150,SMS
1672,5/4/2025,1144,2055,403,3.0,161.82,180,Email
1673,5/4/2025,1177,2015,403,0.0,674.97,400,App
1674,5/4/2025,1066,2020,401,1.0,1014.74,0,Phone
1675,5/4/2025,1081,2059,402,2.0,409.64,120,Web Portal
1676,5/4/2025,1041,2006,403,2.0,475.2,500,SMS
1677,5/4/2025,1107,2081,403,0.0,3731.1,150,Email
1678,5/4/2025,1074,2037,401,1.0,0,180,App
1679,5/4/2025,1196,2080,402,0.0,832.26,800,Phone
1680,5/4/2025,1153,2096,402,2.0,1075.49,700,Web Portal
1681,5/4/2025,1080,2087,403,2.0,127.46,600,Phone
1682,5/4/2025,1175,2089,403,0.0,2067.6,120,Web Portal
1683,5/4/2025,1136,2074,403,1.0,593.55,200,Web Portal
1684,5/4/2025,1003,2017,403,2.0,1112.88,80,SMS
1685,5/4/2025,1199,2062,404,2.0,990.98,60,Email
1686,5/4/2025,1041,2013,402,1.0,1683.65,40,Phone
1687,5/4/2025,1128,2028,402,0.0,0,20,Web Portal
1688,5/4/2025,1106,2058,401,0.0,1333.5,10,Phone
1689,5/4/2025,1033,2002,404,2.0,1385.6,150,Web Portal
1690,5/4/2025,1079,2088,403,1.0,2553.66,180,SMS
1691,5/4/2025,1113,2076,403,1.0,0,400,Email
1692,5/4/2025,1181,2038,401,0.0,2779.53,0,App
1693,5/4/2025,1056,2016,402,1.0,872.15,120,Phone
1694,5/4/2025,1078,2016,402,1.0,872.15,500,Web Portal
1695,5/4/2025,1020,2054,401,0.0,1801.02,150,SMS
1696,5/4/2025,1004,2099,404,3.0,0,180,Email
1697,5/4/2025,1010,2025,401,0.0,559.24,800,App
1698,5/4/2025,1168,2065,401,3.0,1411.02,700,Phone
1699,5/4/2025,1030,2032,401,0.0,945.6,600,Web Portal
1700,5/4/2025,1077,2085,401,0.0,0,120,Phone
1701,5/4/2025,1005,2015,402,1.0,0,200,Web Portal
1702,5/4/2025,1047,2085,403,0.0,242.15,80,Web Portal
1703,5/4/2025,1023,2018,403,2.0,0,60,SMS
1704,5/4/2025,1090,2020,402,0.0,751.66,40,Email
1705,5/4/2025,1025,2074,401,1.0,593.55,20,Phone
1706,5/4/2025,1183,2024,403,1.0,335.53,10,Web Portal
1707,5/4/2025,1193,2068,401,0.0,820.24,150,Phone
1708,5/4/2025,1054,2064,404,2.0,235.23,180,Web Portal
1709,5/4/2025,1178,2075,402,3.0,5464.48,400,SMS
1710,5/4/2025,1172,2013,402,2.0,2244.86,0,Email
1711,5/4/2025,1097,2054,402,1.0,810.46,120,App
1712,5/4/2025,1104,2014,403,0.0,246.3,500,Phone
1713,5/4/2025,1119,2014,402,3.0,1231.5,150,Web Portal
1714,5/4/2025,1195,2046,403,0.0,100.29,180,SMS
1715,5/4/2025,1021,2041,404,0.0,0,800,Email
1716,5/4/2025,1098,2036,404,2.0,0,700,App
1717,5/4/2025,1175,2056,402,3.0,2098.88,600,Phone
1718,5/4/2025,1074,2054,402,0.0,2701.53,120,Web Portal
1719,5/4/2025,1121,2086,403,1.0,3218.76,200,Phone
1720,5/4/2025,1003,2086,404,0.0,1788.2,80,Web Portal
1721,5/4/2025,1101,2056,401,0.0,524.72,60,Web Portal
1722,5/4/2025,1036,2050,404,0.0,747.12,40,SMS
1723,5/4/2025,1189,2021,401,2.0,1336.66,20,Email
1724,5/4/2025,1050,2043,402,3.0,873.45,10,Phone
1725,5/4/2025,1031,2029,404,3.0,40.53,150,Web Portal
1726,5/4/2025,1071,2097,403,3.0,2526.3,180,Phone
1727,5/4/2025,1091,2060,404,3.0,1225.14,400,Web Portal
1728,5/4/2025,1130,2035,402,3.0,899.99,0,SMS
1729,5/4/2025,1027,2015,403,3.0,0,120,Email
1730,5/4/2025,1127,2029,402,0.0,40.53,500,App
1731,5/4/2025,1025,2094,401,0.0,1973.4,150,Phone
1732,5/4/2025,1127,2086,401,1.0,4828.14,180,Web Portal
1733,5/4/2025,1097,2077,403,1.0,2022.59,800,SMS
1734,5/4/2025,1077,2079,401,0.0,1901.08,700,Email
1735,5/4/2025,1169,2096,404,3.0,672.18,600,App
1736,5/4/2025,1051,2037,404,3.0,1800.7,80,Phone
1737,5/4/2025,1129,2033,403,0.0,1672.5,60,Web Portal
1738,5/4/2025,1195,2004,404,0.0,2781.75,40,Phone
1739,5/4/2025,1098,2057,403,3.0,1310.94,20,Web Portal
1740,5/4/2025,1113,2058,401,0.0,2000.25,10,Web Portal
1741,5/4/2025,1045,2071,403,1.0,0,150,SMS
1742,5/4/2025,1125,2055,402,2.0,86.3,180,Email
1743,5/4/2025,1183,2049,404,0.0,1879.68,400,Phone
1744,5/4/2025,1145,2086,404,3.0,2682.3,0,Web Portal
1745,5/4/2025,1121,2071,402,0.0,1845.48,120,Phone
1746,5/4/2025,1100,2033,404,3.0,2508.75,500,Web Portal
1747,5/4/2025,1157,2086,403,2.0,1430.56,150,SMS
1748,5/4/2025,1082,2007,401,0.0,1750.17,180,Email
1749,5/4/2025,1032,2046,403,0.0,167.15,800,App
1750,5/4/2025,1195,2080,403,3.0,3329.04,80,Phone
1751,5/4/2025,1024,2054,403,2.0,0,60,Web Portal
1752,5/4/2025,1105,2044,401,1.0,373.64,40,SMS
1753,5/4/2025,1063,2030,403,0.0,509.91,20,Email
1754,5/4/2025,1176,2008,403,0.0,133.18,10,App
1755,5/4/2025,1086,2021,401,2.0,2004.98,150,Phone
1756,5/4/2025,1009,2058,404,3.0,2000.25,180,Web Portal
1757,5/4/2025,1068,2002,404,0.0,0,400,Phone
1758,5/4/2025,1081,2048,404,2.0,572.21,0,Web Portal
1759,5/4/2025,1146,2012,404,0.0,623.19,120,Web Portal
1760,5/4/2025,1176,2086,402,2.0,1430.56,500,SMS
1761,5/4/2025,1127,2064,403,1.0,529.27,150,Email
1762,5/4/2025,1157,2038,403,3.0,4632.55,180,Phone
1763,5/4/2025,1051,2063,401,1.0,0,800,Web Portal
1764,5/4/2025,1073,2033,401,2.0,1338,40,Phone
1765,5/4/2025,1146,2051,402,0.0,0,20,Web Portal
1766,5/4/2025,1183,2074,401,2.0,0,10,SMS
1767,5/4/2025,1069,2008,404,3.0,66.59,150,Email
1768,5/4/2025,1053,2044,401,2.0,332.13,180,App
1769,5/4/2025,1129,2038,404,2.0,0,400,Phone
1770,5/4/2025,1051,2053,404,2.0,488.12,0,Web Portal
1771,5/4/2025,1159,2065,404,1.0,1693.22,120,SMS
1772,5/4/2025,1004,2080,402,3.0,3329.04,500,Email
1773,5/4/2025,1054,2084,404,2.0,901.92,150,App
1774,5/4/2025,1163,2068,404,0.0,1640.48,180,Phone
1775,5/4/2025,1133,2025,403,3.0,838.86,800,Web Portal
1776,5/4/2025,1037,2030,402,2.0,271.95,80,Phone
1777,5/4/2025,1111,2052,403,0.0,731.26,60,Web Portal
1778,5/4/2025,1162,2026,404,2.0,169.25,40,Web Portal
1779,5/4/2025,1073,2082,402,2.0,213.28,40,SMS
1780,5/4/2025,1175,2076,402,3.0,806.07,20,Email
1781,5/4/2025,1061,2014,402,1.0,665.01,10,Phone
1782,5/4/2025,1007,2031,403,3.0,1695.9,150,Web Portal
1783,5/4/2025,1124,2071,404,3.0,1845.48,180,Phone
1784,5/4/2025,1165,2004,402,1.0,1669.05,400,Web Portal
1785,5/4/2025,1069,2017,401,2.0,0,0,SMS
1786,5/4/2025,1071,2084,402,0.0,281.85,120,Email
1787,5/4/2025,1184,2062,401,0.0,2477.44,500,App
1788,5/4/2025,1021,2040,403,0.0,69.08,150,Phone
1789,5/4/2025,1104,2046,401,3.0,167.15,180,Web Portal
1790,5/4/2025,1185,2017,402,0.0,1854.8,800,SMS
1791,5/4/2025,1146,2094,401,2.0,789.36,80,Email
1792,5/4/2025,1127,2011,402,0.0,409.74,60,App
1793,5/4/2025,1197,2040,403,3.0,138.16,40,Phone
1794,5/4/2025,1191,2095,402,3.0,1963.16,150,Web Portal
1795,5/4/2025,1055,2018,401,1.0,488.03,180,Phone
1796,5/4/2025,1054,2035,404,3.0,899.99,400,Web Portal
1797,5/4/2025,1065,2075,401,3.0,3903.2,0,Web Portal
1798,5/4/2025,1136,2047,401,2.0,267.98,120,SMS
1799,5/4/2025,1139,2054,404,1.0,3241.84,500,Email
1800,5/4/2025,1071,2018,403,3.0,0,150,Phone
1801,5/4/2025,1183,2047,403,0.0,1004.94,180,Web Portal
1802,5/4/2025,1165,2077,401,0.0,1685.49,800,Phone
1803,5/4/2025,1176,2085,402,2.0,581.16,80,Web Portal
1804,5/4/2025,1141,2049,403,2.0,1503.74,60,SMS
1805,5/4/2025,1175,2015,402,3.0,674.97,40,Email
1806,5/4/2025,1099,2001,404,2.0,0,40,App
1807,5/4/2025,1077,2011,402,2.0,655.58,20,Phone
1808,5/4/2025,1053,2020,404,2.0,601.33,10,Web Portal
1809,5/4/2025,1196,2082,404,0.0,533.2,150,SMS
1810,5/4/2025,1070,2010,404,3.0,311.36,180,Email
1811,5/4/2025,1188,2052,403,3.0,2925.04,400,App
1812,5/4/2025,1025,2020,403,0.0,375.83,0,Phone
1813,5/4/2025,1090,2053,403,3.0,1830.45,150,Web Portal
1814,5/4/2025,1177,2003,401,1.0,346.66,180,Phone
1815,5/4/2025,1161,2056,402,0.0,1049.44,400,Web Portal
1816,5/4/2025,1102,2025,403,2.0,0,0,Web Portal
1817,5/4/2025,1147,2010,401,1.0,70.06,120,SMS
1818,5/4/2025,1063,2066,402,3.0,516.06,500,Email
1819,5/4/2025,1081,2057,404,1.0,786.56,150,Phone
1820,5/4/2025,1066,2022,403,2.0,536.94,180,Web Portal
1821,5/4/2025,1050,2010,404,2.0,62.27,800,Phone
1822,5/4/2025,1046,2050,404,1.0,336.2,80,Web Portal
1823,5/4/2025,1005,2002,402,0.0,3464,60,SMS
1824,5/4/2025,1118,2025,403,1.0,0,40,Email
1825,5/4/2025,1012,2051,404,2.0,93.86,40,App
1826,5/4/2025,1038,2011,403,1.0,1475.06,20,Phone
1827,5/4/2025,1145,2015,401,3.0,2024.91,10,Web Portal
1828,5/4/2025,1197,2058,404,0.0,666.75,150,SMS
1829,5/4/2025,1057,2091,402,1.0,815.21,180,Email
1830,5/4/2025,1005,2034,403,3.0,544.68,400,App
1831,5/4/2025,1097,2016,404,1.0,290.72,0,Phone
1832,5/4/2025,1153,2027,403,1.0,698.25,80,Web Portal
1833,5/4/2025,1107,2023,404,1.0,2536.76,60,Phone
1834,5/4/2025,1007,2037,403,1.0,648.25,40,Web Portal
1835,5/4/2025,1158,2057,402,2.0,699.17,40,Web Portal
1836,5/4/2025,1149,2087,404,0.0,637.28,20,SMS
1837,5/4/2025,1002,2060,402,2.0,326.7,10,Email
1838,5/4/2025,1177,2050,402,3.0,186.78,150,Phone
1839,5/4/2025,1181,2054,403,0.0,1801.02,180,Web Portal
1840,5/4/2025,1024,2071,401,0.0,615.16,400,Phone
1841,5/4/2025,1085,2030,404,2.0,407.93,0,Web Portal
1842,5/4/2025,1155,2085,401,0.0,726.45,40,SMS
1843,5/4/2025,1064,2064,404,2.0,940.93,20,Email
1844,5/4/2025,1101,2085,403,1.0,217.94,10,App
1845,5/4/2025,1143,2005,402,2.0,343.02,150,Phone
1846,5/4/2025,1043,2064,404,2.0,235.23,180,Web Portal
1847,5/4/2025,1119,2016,401,2.0,258.42,400,SMS
1848,5/4/2025,1181,2067,404,1.0,523.71,0,Email
1849,5/4/2025,1066,2014,403,0.0,0,120,App
1850,5/4/2025,1032,2063,403,2.0,441.97,500,Phone
1851,5/4/2025,1110,2036,403,2.0,348.77,150,Web Portal
1852,5/4/2025,1132,2040,404,1.0,124.34,180,Phone
1853,5/4/2025,1080,2094,404,1.0,0,800,Web Portal
1854,5/4/2025,1142,2084,404,0.0,0,80,Web Portal
1855,5/4/2025,1048,2019,401,1.0,840.54,120,SMS
1856,5/4/2025,1046,2004,404,2.0,741.8,200,Email
1857,5/4/2025,1041,2090,404,3.0,358.2,80,Phone
1858,5/4/2025,1029,2063,401,3.0,1657.38,60,Web Portal
1859,5/4/2025,1091,2090,404,3.0,214.92,40,Phone
1860,5/4/2025,1126,2014,402,0.0,492.6,20,Web Portal
1861,5/4/2025,1089,2011,402,2.0,1638.96,10,SMS
1862,5/4/2025,1046,2021,403,1.0,2255.61,150,Email
1863,5/4/2025,1149,2000,402,3.0,4846.55,180,App
1864,5/4/2025,1019,2031,404,0.0,1695.9,400,Phone
1865,5/4/2025,1084,2003,403,0.0,0,0,Web Portal
1866,5/4/2025,1100,2047,401,2.0,803.95,120,SMS
1867,5/4/2025,1039,2003,401,3.0,1155.54,500,Email
1868,5/4/2025,1181,2084,404,3.0,1127.4,150,App
1869,5/4/2025,1160,2034,401,2.0,326.81,180,Phone
1870,5/4/2025,1011,2083,404,2.0,614.53,800,Web Portal
1871,5/4/2025,1187,2093,402,1.0,680.35,700,Phone
1872,5/4/2025,1012,2082,403,2.0,853.12,600,Web Portal
1873,5/4/2025,1014,2095,401,3.0,0,120,Web Portal
1874,5/4/2025,1023,2051,403,1.0,211.18,200,SMS
1875,5/4/2025,1061,2098,404,0.0,2723.58,80,Email
1876,5/4/2025,1005,2026,402,3.0,211.56,60,Phone
1877,5/4/2025,1199,2051,403,1.0,0,40,Web Portal
1878,5/4/2025,1030,2038,404,3.0,3706.04,20,Phone
1879,5/4/2025,1188,2039,402,2.0,1562.3,10,Web Portal
1880,5/4/2025,1170,2012,403,1.0,560.87,150,SMS
1881,5/4/2025,1125,2057,404,3.0,1310.94,180,Email
1882,5/4/2025,1068,2072,404,0.0,420.3,400,App
1883,5/4/2025,1193,2054,403,1.0,0,0,Phone
1884,5/4/2025,1111,2080,404,0.0,1664.52,120,Web Portal
1885,5/4/2025,1010,2065,403,3.0,0,500,SMS
1886,5/4/2025,1173,2028,402,3.0,2551.76,150,Email
1887,5/4/2025,1134,2080,401,2.0,1331.62,180,App
1888,5/4/2025,1119,2055,401,3.0,269.7,800,Phone
1889,5/4/2025,1076,2019,402,2.0,747.14,700,Web Portal
1890,5/4/2025,1063,2066,404,2.0,0,600,Phone
1891,5/4/2025,1145,2006,401,0.0,0,120,Web Portal
1892,5/4/2025,1131,2013,404,3.0,4676.8,200,Web Portal
1893,5/4/2025,1024,2059,403,2.0,0,80,SMS
1894,5/4/2025,1065,2074,401,0.0,3297.5,60,Email
1895,5/4/2025,1029,2094,404,1.0,0,40,Phone
1896,5/4/2025,1046,2050,401,0.0,560.34,20,Web Portal
1897,5/4/2025,1106,2090,403,2.0,114.62,10,Phone
1898,5/4/2025,1150,2092,404,3.0,482.21,150,Web Portal
1899,5/4/2025,1159,2033,403,1.0,752.62,180,SMS
1900,5/4/2025,1054,2023,401,2.0,751.63,400,Email
1901,5/4/2025,1172,2013,404,0.0,1870.72,0,App
1902,5/4/2025,1001,2050,401,0.0,560.34,120,Phone
1903,5/4/2025,1043,2083,404,3.0,2304.48,500,Web Portal
1904,5/4/2025,1177,2051,404,2.0,281.57,150,SMS
1905,5/4/2025,1158,2078,403,3.0,568.04,180,Email
1906,5/4/2025,1077,2011,402,1.0,368.77,800,App
1907,5/4/2025,1003,2024,401,0.0,248.54,700,Phone
1908,5/4/2025,1178,2024,401,1.0,223.69,600,Web Portal
1909,5/4/2025,1123,2083,402,1.0,1382.69,120,Phone
1910,5/4/2025,1111,2080,402,0.0,3329.04,200,Web Portal
1911,5/4/2025,1077,2098,404,1.0,817.07,80,Web Portal
1912,5/4/2025,1121,2054,401,0.0,0,60,SMS
1913,5/4/2025,1042,2019,404,3.0,933.93,40,Email
1914,5/4/2025,1120,2002,404,1.0,1558.8,20,Phone
1915,5/4/2025,1051,2037,404,0.0,0,10,Web Portal
1916,5/4/2025,1085,2001,401,3.0,412.35,150,Phone
1917,5/4/2025,1106,2063,403,0.0,0,180,Web Portal
1918,5/4/2025,1124,2051,404,3.0,351.96,400,SMS
1919,5/4/2025,1059,2091,401,0.0,1811.58,0,Email
1920,5/4/2025,1108,2073,403,0.0,1498.29,120,App
1921,5/4/2025,1068,2082,404,3.0,0,500,Phone
1922,5/4/2025,1029,2063,403,3.0,3314.76,150,Web Portal
1923,5/4/2025,1178,2055,401,1.0,242.73,180,SMS
1924,5/4/2025,1073,2092,402,3.0,482.21,800,Email
1925,5/4/2025,1088,2056,402,1.0,1888.99,700,App
1926,5/4/2025,1150,2087,403,3.0,477.96,600,Phone
1927,5/4/2025,1033,2037,404,3.0,1440.56,120,Web Portal
1928,5/4/2025,1172,2083,403,3.0,2304.48,200,Phone
1929,5/4/2025,1041,2079,402,2.0,2281.3,80,Web Portal
1930,5/4/2025,1176,2095,401,3.0,1472.37,60,Web Portal
1931,5/4/2025,1033,2022,402,1.0,1208.12,40,SMS
1932,5/4/2025,1155,2062,401,3.0,1858.08,20,Email
1933,5/4/2025,1126,2038,402,1.0,1667.72,10,Phone
1934,5/4/2025,1142,2006,401,2.0,0,150,Web Portal
1935,5/4/2025,1066,2045,402,1.0,1123.7,180,Phone
1936,5/4/2025,1128,2004,401,2.0,2967.2,400,Web Portal
1937,5/4/2025,1110,2014,402,0.0,246.3,0,SMS
1938,5/4/2025,1143,2028,404,2.0,1531.06,120,Email
1939,5/4/2025,1087,2045,401,2.0,0,500,App
1940,5/4/2025,1038,2088,401,0.0,1418.7,150,Phone
1941,5/4/2025,1112,2058,401,0.0,0,180,Web Portal
1942,5/4/2025,1005,2078,401,0.0,426.03,800,SMS
1943,5/4/2025,1129,2013,402,0.0,1870.72,700,Email
1944,5/4/2025,1052,2046,402,2.0,26.74,600,App
1945,5/4/2025,1181,2056,404,0.0,0,120,Phone
1946,5/4/2025,1039,2082,403,2.0,0,200,Web Portal
1947,5/4/2025,1035,2015,402,3.0,3374.85,80,Phone
1948,5/4/2025,1106,2098,401,1.0,1634.15,60,Web Portal
1949,5/4/2025,1121,2043,403,1.0,1572.21,40,Web Portal
1950,5/4/2025,1021,2034,403,3.0,544.68,20,SMS
1951,5/4/2025,1092,2080,402,1.0,3745.17,10,Email
1952,5/4/2025,1192,2096,404,1.0,1814.89,150,Phone
1953,5/4/2025,1035,2054,404,3.0,0,180,Web Portal
1954,5/4/2025,1117,2066,403,0.0,0,400,Phone
1955,5/4/2025,1113,2018,401,0.0,1084.52,0,Web Portal
1956,5/4/2025,1021,2043,403,3.0,2620.35,120,SMS
1957,5/4/2025,1197,2021,404,0.0,1670.82,500,Email
1958,5/4/2025,1100,2097,401,1.0,2273.67,150,App
1959,5/4/2025,1147,2007,403,3.0,0,180,Phone
1960,5/4/2025,1102,2087,403,2.0,0,800,Web Portal
1961,5/4/2025,1088,2001,403,1.0,1113.34,700,SMS
1962,5/4/2025,1179,2051,404,1.0,211.18,600,Email
1963,5/4/2025,1139,2079,404,2.0,2281.3,120,App
1964,5/4/2025,1005,2083,404,1.0,691.34,200,Phone
1965,5/4/2025,1077,2010,401,2.0,186.82,80,Web Portal
1966,5/4/2025,1099,2092,402,2.0,1157.3,60,Phone
1967,5/4/2025,1054,2011,403,2.0,327.79,40,Web Portal
1968,5/4/2025,1193,2081,402,0.0,2238.66,20,Web Portal
1969,5/4/2025,1007,2069,403,1.0,836.6,10,SMS
1970,5/4/2025,1198,2038,404,0.0,1853.02,150,Email
1971,5/4/2025,1187,2007,403,2.0,466.71,180,Phone
1972,5/4/2025,1160,2064,403,0.0,1176.16,400,Web Portal
1973,5/4/2025,1012,2096,401,3.0,672.18,0,Phone
1974,5/4/2025,1076,2073,401,3.0,499.43,120,Web Portal
1975,5/4/2025,1086,2030,402,2.0,407.93,500,SMS
1976,5/4/2025,1076,2036,402,3.0,217.98,150,Email
1977,5/4/2025,1133,2094,402,0.0,1973.4,180,App
1978,5/4/2025,1083,2066,402,2.0,1238.54,800,Phone
1979,5/4/2025,1116,2012,402,3.0,0,700,Web Portal
1980,5/4/2025,1105,2010,401,0.0,155.68,600,SMS
1981,5/4/2025,1108,2016,404,1.0,872.15,80,Email
1982,5/4/2025,1114,2009,403,3.0,198.93,60,App
1983,5/4/2025,1150,2071,404,2.0,492.13,40,Phone
1984,5/4/2025,1149,2063,404,3.0,2762.3,20,Web Portal
1985,5/4/2025,1176,2062,404,1.0,557.42,10,Phone
1986,5/4/2025,1036,2064,402,3.0,294.04,150,Web Portal
1987,5/4/2025,1182,2058,402,0.0,0,180,Web Portal
1988,5/4/2025,1177,2027,404,3.0,1034.44,400,SMS
1989,5/4/2025,1008,2095,402,2.0,0,0,Email
1990,5/4/2025,1030,2077,404,0.0,1123.66,120,Phone
1991,5/4/2025,1030,2047,403,0.0,334.98,500,Web Portal
1992,5/4/2025,1133,2019,401,2.0,747.14,150,Phone
1993,5/4/2025,1078,2047,403,2.0,535.97,180,Web Portal
1994,5/4/2025,1124,2003,402,1.0,1386.65,800,SMS
1995,5/4/2025,1005,2075,404,0.0,3122.56,80,Email
1996,5/4/2025,1078,2036,402,1.0,588.55,60,App
1997,5/4/2025,1189,2062,401,0.0,2477.44,40,Phone
1998,5/4/2025,1140,2044,401,0.0,207.58,20,Web Portal
1999,5/4/2025,1106,2061,403,3.0,599.76,10,SMS
2000,5/4/2025,1086,2048,404,1.0,321.87,150,Email
6,5/4/2025,1089,2028,401,0.0,1275.88,180,App
7990,5/4/2025,1030,2077,404,0.0,,120,Phone
7991,5/4/2025,1030,2047,403,0.0,334.98,500,Web Portal
7992,5/4/2025,1133,2019,401,2.0,747.14,150,Phone
7993,5/4/2025,1078,2047,403,2.0,535.97,180,Web Portal
7994,5/4/2025,1124,2003,402,1.0,,800,SMS
7995,5/4/2025,1005,2075,404,0.0,3122.56,80,Email
7996,5/4/2025,1078,2036,402,1.0,588.55,60,App
7997,5/4/2025,1189,2062,401,0.0,,40,Phone
7998,5/4/2025,1140,2044,401,0.0,,20,Web Portal
7999,5/4/2025,1106,2061,403,3.0,,10,SMS
